Resource,type,name,base_name,extension,size,date,sha1,md5,mime_type,file_type,programming_language,is_binary,is_text,is_archive,is_media,is_source,is_script,is_legal,is_manifest,is_readme,is_top_level,files_count,dirs_count,size_count,scan_errors,license__key,license__score,license__name,license__short_name,license__category,license__is_exception,license__owner,license__homepage_url,license__text_url,license__reference_url,license__spdx_license_key,license__spdx_url,start_line,end_line,matched_rule__identifier,matched_rule__license_expression,matched_rule__licenses,matched_rule__is_license_text,matched_rule__is_license_notice,matched_rule__is_license_reference,matched_rule__is_license_tag,matched_rule__matcher,matched_rule__rule_length,matched_rule__matched_length,matched_rule__match_coverage,matched_rule__rule_relevance,author,copyright,copyright_holder
/s3transfer-0.1.13.tar.gz-extract/,directory,s3transfer-0.1.13.tar.gz-extract,s3transfer-0.1.13.tar.gz-extract,,0,,,,,,,False,False,False,False,False,False,False,False,False,True,52,7,576692,,,,,,,,,,,,,,,,,,,,,,,,,,,,,,
/s3transfer-0.1.13.tar.gz-extract/s3transfer-0.1.13/,directory,s3transfer-0.1.13,s3transfer-0.1.13,,0,,,,,,,False,False,False,False,False,False,False,False,False,True,52,6,576692,,,,,,,,,,,,,,,,,,,,,,,,,,,,,,
/s3transfer-0.1.13.tar.gz-extract/s3transfer-0.1.13/LICENSE.txt,file,LICENSE.txt,LICENSE,.txt,11359,2018-02-14,5a7d7df655ba40478fae80a6abafc6afc36f9b6a,b1e01b26bacfc2232046c90a330332b3,text/plain,ASCII text,,False,True,False,False,False,False,True,False,False,True,0,0,0,,,,,,,,,,,,,,,,,,,,,,,,,,,,,,
/s3transfer-0.1.13.tar.gz-extract/s3transfer-0.1.13/LICENSE.txt,,,,,,,,,,,,,,,,,,,,,,,,,,apache-2.0,100.00,Apache License 2.0,Apache 2.0,Permissive,False,Apache Software Foundation,http://www.apache.org/licenses/,http://www.apache.org/licenses/LICENSE-2.0,https://enterprise.dejacode.com/urn/urn:dje:license:apache-2.0,Apache-2.0,https://spdx.org/licenses/Apache-2.0,2,202,apache-2.0.LICENSE,apache-2.0,[u'apache-2.0'],True,False,False,False,1-hash,1608,1608,100.00,100.00,,,
/s3transfer-0.1.13.tar.gz-extract/s3transfer-0.1.13/MANIFEST.in,file,MANIFEST.in,MANIFEST,.in,81,2018-02-14,8fe886670e56d2740f189b302d9d45585a4d91fd,132033fa93fb9d96efd1449943acdb49,text/plain,ASCII text,,False,True,False,False,False,False,False,False,False,True,0,0,0,,,,,,,,,,,,,,,,,,,,,,,,,,,,,,
/s3transfer-0.1.13.tar.gz-extract/s3transfer-0.1.13/PKG-INFO,file,PKG-INFO,PKG-INFO,,1572,2018-02-14,77b5a3f95292f196c577bfc6439409d021a4f35d,0d9cead105da8c925837300714d9b63b,text/plain,ASCII text,,False,True,False,False,False,False,False,False,False,True,0,0,0,,,,,,,,,,,,,,,,,,,,,,,,,,,,,,
/s3transfer-0.1.13.tar.gz-extract/s3transfer-0.1.13/PKG-INFO,,,,,,,,,,,,,,,,,,,,,,,,,,apache-2.0,29.00,Apache License 2.0,Apache 2.0,Permissive,False,Apache Software Foundation,http://www.apache.org/licenses/,http://www.apache.org/licenses/LICENSE-2.0,https://enterprise.dejacode.com/urn/urn:dje:license:apache-2.0,Apache-2.0,https://spdx.org/licenses/Apache-2.0,8,8,apache-2.0_10.RULE,apache-2.0,[u'apache-2.0'],False,False,True,False,2-aho,5,5,100.00,29.00,,,
/s3transfer-0.1.13.tar.gz-extract/s3transfer-0.1.13/PKG-INFO,,,,,,,,,,,,,,,,,,,,,,,,,,apache-2.0,35.00,Apache License 2.0,Apache 2.0,Permissive,False,Apache Software Foundation,http://www.apache.org/licenses/,http://www.apache.org/licenses/LICENSE-2.0,https://enterprise.dejacode.com/urn/urn:dje:license:apache-2.0,Apache-2.0,https://spdx.org/licenses/Apache-2.0,27,27,pypi_apache_software_license.RULE,apache-2.0,[u'apache-2.0'],False,False,False,True,2-aho,6,6,100.00,35.00,,,
/s3transfer-0.1.13.tar.gz-extract/s3transfer-0.1.13/PKG-INFO,,,,,,,,,,,,,,,,,,,,,,,,,,,,,,,,,,,,,,6,6,,,,,,,,,,,,,Amazon Web Services Author-email kyknapp1@gmail.com,,
/s3transfer-0.1.13.tar.gz-extract/s3transfer-0.1.13/README.rst,file,README.rst,README,.rst,599,2018-02-14,db785fbba55b33375ed9287d6755bf491da98e7d,299259784088adf94f489117d7da1270,text/plain,ASCII text,,False,True,False,False,False,False,False,False,True,True,0,0,0,,,,,,,,,,,,,,,,,,,,,,,,,,,,,,
/s3transfer-0.1.13.tar.gz-extract/s3transfer-0.1.13/requirements-test.txt,file,requirements-test.txt,requirements-test,.txt,261,2018-02-14,a077d35a06fe5de3c8d596cd02a49b3a23af5df3,d271d109443ac0c65d91dffcb36b5b77,text/plain,ASCII text,,False,True,False,False,False,False,False,False,False,True,0,0,0,,,,,,,,,,,,,,,,,,,,,,,,,,,,,,
/s3transfer-0.1.13.tar.gz-extract/s3transfer-0.1.13/setup.cfg,file,setup.cfg,setup,.cfg,191,2018-02-14,db6ee02692f8bb9f1b77b2f24852fbf2ad646813,6a078b7b5b62f2edf05ca0831a773c70,text/plain,ASCII text,,False,True,False,False,False,False,False,True,False,True,0,0,0,,,,,,,,,,,,,,,,,,,,,,,,,,,,,,
/s3transfer-0.1.13.tar.gz-extract/s3transfer-0.1.13/setup.py,file,setup.py,setup,.py,1698,2018-02-14,cfd92d10a706d488a6646f990421d33fcae1d02f,81bad23939673ffc26d948ada94eca00,text/plain,"a /usr/bin/env python script, ASCII text executable",Python,False,True,False,False,True,True,False,True,False,True,0,0,0,,,,,,,,,,,,,,,,,,,,,,,,,,,,,,
/s3transfer-0.1.13.tar.gz-extract/s3transfer-0.1.13/setup.py,,,,,,,,,,,,,,,,,,,,,,,,,,apache-2.0,29.00,Apache License 2.0,Apache 2.0,Permissive,False,Apache Software Foundation,http://www.apache.org/licenses/,http://www.apache.org/licenses/LICENSE-2.0,https://enterprise.dejacode.com/urn/urn:dje:license:apache-2.0,Apache-2.0,https://spdx.org/licenses/Apache-2.0,44,44,apache-2.0_10.RULE,apache-2.0,[u'apache-2.0'],False,False,True,False,2-aho,5,5,100.00,29.00,,,
/s3transfer-0.1.13.tar.gz-extract/s3transfer-0.1.13/setup.py,,,,,,,,,,,,,,,,,,,,,,,,,,apache-2.0,35.00,Apache License 2.0,Apache 2.0,Permissive,False,Apache Software Foundation,http://www.apache.org/licenses/,http://www.apache.org/licenses/LICENSE-2.0,https://enterprise.dejacode.com/urn/urn:dje:license:apache-2.0,Apache-2.0,https://spdx.org/licenses/Apache-2.0,49,49,pypi_apache_software_license.RULE,apache-2.0,[u'apache-2.0'],False,False,False,True,2-aho,6,6,100.00,35.00,,,
/s3transfer-0.1.13.tar.gz-extract/s3transfer-0.1.13/setup.py,,,,,,,,,,,,,,,,,,,,,,,,,,,,,,,,,,,,,,34,34,,,,,,,,,,,,,Amazon Web,,
/s3transfer-0.1.13.tar.gz-extract/s3transfer-0.1.13/s3transfer/,directory,s3transfer,s3transfer,,0,,,,,,,False,False,False,False,False,False,False,False,False,True,13,0,214036,,,,,,,,,,,,,,,,,,,,,,,,,,,,,,
/s3transfer-0.1.13.tar.gz-extract/s3transfer-0.1.13/s3transfer/__init__.py,file,__init__.py,__init__,.py,28160,2018-02-14,03e12283509578c6750dc36d2016c7cd990e0652,18838d496c0639547f0e51972cd39071,text/x-python,"Python script, ASCII text executable",Python,False,True,False,False,True,True,False,False,False,False,0,0,0,,,,,,,,,,,,,,,,,,,,,,,,,,,,,,
/s3transfer-0.1.13.tar.gz-extract/s3transfer-0.1.13/s3transfer/__init__.py,,,,,,,,,,,,,,,,,,,,,,,,,,apache-2.0,100.00,Apache License 2.0,Apache 2.0,Permissive,False,Apache Software Foundation,http://www.apache.org/licenses/,http://www.apache.org/licenses/LICENSE-2.0,https://enterprise.dejacode.com/urn/urn:dje:license:apache-2.0,Apache-2.0,https://spdx.org/licenses/Apache-2.0,3,12,apache-2.0_24.RULE,apache-2.0,[u'apache-2.0'],False,True,False,False,2-aho,78,78,100.00,100.00,,,
/s3transfer-0.1.13.tar.gz-extract/s3transfer-0.1.13/s3transfer/__init__.py,,,,,,,,,,,,,,,,,,,,,,,,,,,,,,,,,,,,,,1,1,,,,,,,,,,,,,,"Copyright 2016 Amazon.com, Inc.",
/s3transfer-0.1.13.tar.gz-extract/s3transfer-0.1.13/s3transfer/__init__.py,,,,,,,,,,,,,,,,,,,,,,,,,,,,,,,,,,,,,,1,1,,,,,,,,,,,,,,,"Amazon.com, Inc."
/s3transfer-0.1.13.tar.gz-extract/s3transfer-0.1.13/s3transfer/__init__.py,,,,,,,,,,,,,,,,,,,,,,,,,,,,,,,,,,,,,,145,145,,,,,,,,,,,,,Amazon Web Services,,
/s3transfer-0.1.13.tar.gz-extract/s3transfer-0.1.13/s3transfer/bandwidth.py,file,bandwidth.py,bandwidth,.py,15643,2018-02-14,f3263d7fb77320adea71f51e4b55fba8402dcc5b,868e285f76c0abaab41caa684a8feca5,text/x-python,"Python script, ASCII text executable",Python,False,True,False,False,True,True,False,False,False,False,0,0,0,,,,,,,,,,,,,,,,,,,,,,,,,,,,,,
/s3transfer-0.1.13.tar.gz-extract/s3transfer-0.1.13/s3transfer/bandwidth.py,,,,,,,,,,,,,,,,,,,,,,,,,,apache-2.0,100.00,Apache License 2.0,Apache 2.0,Permissive,False,Apache Software Foundation,http://www.apache.org/licenses/,http://www.apache.org/licenses/LICENSE-2.0,https://enterprise.dejacode.com/urn/urn:dje:license:apache-2.0,Apache-2.0,https://spdx.org/licenses/Apache-2.0,3,12,apache-2.0_24.RULE,apache-2.0,[u'apache-2.0'],False,True,False,False,2-aho,78,78,100.00,100.00,,,
/s3transfer-0.1.13.tar.gz-extract/s3transfer-0.1.13/s3transfer/bandwidth.py,,,,,,,,,,,,,,,,,,,,,,,,,,,,,,,,,,,,,,1,1,,,,,,,,,,,,,,"Copyright 2017 Amazon.com, Inc.",
/s3transfer-0.1.13.tar.gz-extract/s3transfer-0.1.13/s3transfer/bandwidth.py,,,,,,,,,,,,,,,,,,,,,,,,,,,,,,,,,,,,,,1,1,,,,,,,,,,,,,,,"Amazon.com, Inc."
/s3transfer-0.1.13.tar.gz-extract/s3transfer-0.1.13/s3transfer/compat.py,file,compat.py,compat,.py,2983,2018-02-14,1fed542171ce3ae13018fc9d3907acb8e757839b,b94d67864ec890fd78c043a7543891f4,text/x-python,"Python script, ASCII text executable",Python,False,True,False,False,True,True,False,False,False,False,0,0,0,,,,,,,,,,,,,,,,,,,,,,,,,,,,,,
/s3transfer-0.1.13.tar.gz-extract/s3transfer-0.1.13/s3transfer/compat.py,,,,,,,,,,,,,,,,,,,,,,,,,,apache-2.0,100.00,Apache License 2.0,Apache 2.0,Permissive,False,Apache Software Foundation,http://www.apache.org/licenses/,http://www.apache.org/licenses/LICENSE-2.0,https://enterprise.dejacode.com/urn/urn:dje:license:apache-2.0,Apache-2.0,https://spdx.org/licenses/Apache-2.0,3,12,apache-2.0_24.RULE,apache-2.0,[u'apache-2.0'],False,True,False,False,2-aho,78,78,100.00,100.00,,,
/s3transfer-0.1.13.tar.gz-extract/s3transfer-0.1.13/s3transfer/compat.py,,,,,,,,,,,,,,,,,,,,,,,,,,,,,,,,,,,,,,1,1,,,,,,,,,,,,,,"Copyright 2016 Amazon.com, Inc.",
/s3transfer-0.1.13.tar.gz-extract/s3transfer-0.1.13/s3transfer/compat.py,,,,,,,,,,,,,,,,,,,,,,,,,,,,,,,,,,,,,,1,1,,,,,,,,,,,,,,,"Amazon.com, Inc."
/s3transfer-0.1.13.tar.gz-extract/s3transfer-0.1.13/s3transfer/copies.py,file,copies.py,copies,.py,13258,2018-02-14,30487edbedc3acbeb42308ce8386612d36dfc0ac,fca1485b32efb9057c1efbbd71509ae8,text/x-c++,"C++ source, ASCII text",Python,False,True,False,False,True,False,False,False,False,False,0,0,0,,,,,,,,,,,,,,,,,,,,,,,,,,,,,,
/s3transfer-0.1.13.tar.gz-extract/s3transfer-0.1.13/s3transfer/copies.py,,,,,,,,,,,,,,,,,,,,,,,,,,apache-2.0,100.00,Apache License 2.0,Apache 2.0,Permissive,False,Apache Software Foundation,http://www.apache.org/licenses/,http://www.apache.org/licenses/LICENSE-2.0,https://enterprise.dejacode.com/urn/urn:dje:license:apache-2.0,Apache-2.0,https://spdx.org/licenses/Apache-2.0,3,12,apache-2.0_24.RULE,apache-2.0,[u'apache-2.0'],False,True,False,False,2-aho,78,78,100.00,100.00,,,
/s3transfer-0.1.13.tar.gz-extract/s3transfer-0.1.13/s3transfer/copies.py,,,,,,,,,,,,,,,,,,,,,,,,,,,,,,,,,,,,,,1,1,,,,,,,,,,,,,,"Copyright 2016 Amazon.com, Inc.",
/s3transfer-0.1.13.tar.gz-extract/s3transfer-0.1.13/s3transfer/copies.py,,,,,,,,,,,,,,,,,,,,,,,,,,,,,,,,,,,,,,1,1,,,,,,,,,,,,,,,"Amazon.com, Inc."
/s3transfer-0.1.13.tar.gz-extract/s3transfer-0.1.13/s3transfer/delete.py,file,delete.py,delete,.py,2583,2018-02-14,b5b27e52c3af4c61e3aaac2acb15addebce2b3ab,4e2f9f08e4e73ef62bfc83452e49824a,text/x-c++,"C++ source, ASCII text",Python,False,True,False,False,True,False,False,False,False,False,0,0,0,,,,,,,,,,,,,,,,,,,,,,,,,,,,,,
/s3transfer-0.1.13.tar.gz-extract/s3transfer-0.1.13/s3transfer/delete.py,,,,,,,,,,,,,,,,,,,,,,,,,,apache-2.0,100.00,Apache License 2.0,Apache 2.0,Permissive,False,Apache Software Foundation,http://www.apache.org/licenses/,http://www.apache.org/licenses/LICENSE-2.0,https://enterprise.dejacode.com/urn/urn:dje:license:apache-2.0,Apache-2.0,https://spdx.org/licenses/Apache-2.0,3,12,apache-2.0_24.RULE,apache-2.0,[u'apache-2.0'],False,True,False,False,2-aho,78,78,100.00,100.00,,,
/s3transfer-0.1.13.tar.gz-extract/s3transfer-0.1.13/s3transfer/delete.py,,,,,,,,,,,,,,,,,,,,,,,,,,,,,,,,,,,,,,1,1,,,,,,,,,,,,,,"Copyright 2016 Amazon.com, Inc.",
/s3transfer-0.1.13.tar.gz-extract/s3transfer-0.1.13/s3transfer/delete.py,,,,,,,,,,,,,,,,,,,,,,,,,,,,,,,,,,,,,,1,1,,,,,,,,,,,,,,,"Amazon.com, Inc."
/s3transfer-0.1.13.tar.gz-extract/s3transfer-0.1.13/s3transfer/download.py,file,download.py,download,.py,28306,2018-02-14,4ed7a7b324426b9c7b041f5400eb95f4a1311088,d27e30104c4887878dec9f81c0f650f5,text/x-python,"Python script, ASCII text executable",Python,False,True,False,False,True,True,False,False,False,False,0,0,0,,,,,,,,,,,,,,,,,,,,,,,,,,,,,,
/s3transfer-0.1.13.tar.gz-extract/s3transfer-0.1.13/s3transfer/download.py,,,,,,,,,,,,,,,,,,,,,,,,,,apache-2.0,100.00,Apache License 2.0,Apache 2.0,Permissive,False,Apache Software Foundation,http://www.apache.org/licenses/,http://www.apache.org/licenses/LICENSE-2.0,https://enterprise.dejacode.com/urn/urn:dje:license:apache-2.0,Apache-2.0,https://spdx.org/licenses/Apache-2.0,3,12,apache-2.0_24.RULE,apache-2.0,[u'apache-2.0'],False,True,False,False,2-aho,78,78,100.00,100.00,,,
/s3transfer-0.1.13.tar.gz-extract/s3transfer-0.1.13/s3transfer/download.py,,,,,,,,,,,,,,,,,,,,,,,,,,,,,,,,,,,,,,1,1,,,,,,,,,,,,,,"Copyright 2016 Amazon.com, Inc.",
/s3transfer-0.1.13.tar.gz-extract/s3transfer-0.1.13/s3transfer/download.py,,,,,,,,,,,,,,,,,,,,,,,,,,,,,,,,,,,,,,1,1,,,,,,,,,,,,,,,"Amazon.com, Inc."
/s3transfer-0.1.13.tar.gz-extract/s3transfer-0.1.13/s3transfer/exceptions.py,file,exceptions.py,exceptions,.py,1090,2018-02-14,b672e7dcfd7cec98d2aa005b782fb283fb03e261,74a1a6c717e1b04d9299f0ee0440e2c0,text/x-python,"Python script, ASCII text executable",Python,False,True,False,False,True,True,False,False,False,False,0,0,0,,,,,,,,,,,,,,,,,,,,,,,,,,,,,,
/s3transfer-0.1.13.tar.gz-extract/s3transfer-0.1.13/s3transfer/exceptions.py,,,,,,,,,,,,,,,,,,,,,,,,,,apache-2.0,100.00,Apache License 2.0,Apache 2.0,Permissive,False,Apache Software Foundation,http://www.apache.org/licenses/,http://www.apache.org/licenses/LICENSE-2.0,https://enterprise.dejacode.com/urn/urn:dje:license:apache-2.0,Apache-2.0,https://spdx.org/licenses/Apache-2.0,3,12,apache-2.0_24.RULE,apache-2.0,[u'apache-2.0'],False,True,False,False,2-aho,78,78,100.00,100.00,,,
/s3transfer-0.1.13.tar.gz-extract/s3transfer-0.1.13/s3transfer/exceptions.py,,,,,,,,,,,,,,,,,,,,,,,,,,,,,,,,,,,,,,1,1,,,,,,,,,,,,,,"Copyright 2016 Amazon.com, Inc.",
/s3transfer-0.1.13.tar.gz-extract/s3transfer-0.1.13/s3transfer/exceptions.py,,,,,,,,,,,,,,,,,,,,,,,,,,,,,,,,,,,,,,1,1,,,,,,,,,,,,,,,"Amazon.com, Inc."
/s3transfer-0.1.13.tar.gz-extract/s3transfer-0.1.13/s3transfer/futures.py,file,futures.py,futures,.py,20376,2018-02-14,dd34105e734c28f7a1f3ab7ab08f4a608b925900,92d761b897dbee32d1d07f2ea706d249,text/x-python,"Python script, ASCII text executable",Python,False,True,False,False,True,True,False,False,False,False,0,0,0,,,,,,,,,,,,,,,,,,,,,,,,,,,,,,
/s3transfer-0.1.13.tar.gz-extract/s3transfer-0.1.13/s3transfer/futures.py,,,,,,,,,,,,,,,,,,,,,,,,,,apache-2.0,100.00,Apache License 2.0,Apache 2.0,Permissive,False,Apache Software Foundation,http://www.apache.org/licenses/,http://www.apache.org/licenses/LICENSE-2.0,https://enterprise.dejacode.com/urn/urn:dje:license:apache-2.0,Apache-2.0,https://spdx.org/licenses/Apache-2.0,3,12,apache-2.0_24.RULE,apache-2.0,[u'apache-2.0'],False,True,False,False,2-aho,78,78,100.00,100.00,,,
/s3transfer-0.1.13.tar.gz-extract/s3transfer-0.1.13/s3transfer/futures.py,,,,,,,,,,,,,,,,,,,,,,,,,,,,,,,,,,,,,,1,1,,,,,,,,,,,,,,"Copyright 2016 Amazon.com, Inc.",
/s3transfer-0.1.13.tar.gz-extract/s3transfer-0.1.13/s3transfer/futures.py,,,,,,,,,,,,,,,,,,,,,,,,,,,,,,,,,,,,,,1,1,,,,,,,,,,,,,,,"Amazon.com, Inc."
/s3transfer-0.1.13.tar.gz-extract/s3transfer-0.1.13/s3transfer/manager.py,file,manager.py,manager,.py,26914,2018-02-14,0ac595286192f6b177909cb512322360af3d5b4d,845d43d39d83cd97eb83dc7c8f773600,text/x-python,"Python script, ASCII text executable",Python,False,True,False,False,True,True,False,False,False,False,0,0,0,,,,,,,,,,,,,,,,,,,,,,,,,,,,,,
/s3transfer-0.1.13.tar.gz-extract/s3transfer-0.1.13/s3transfer/manager.py,,,,,,,,,,,,,,,,,,,,,,,,,,apache-2.0,100.00,Apache License 2.0,Apache 2.0,Permissive,False,Apache Software Foundation,http://www.apache.org/licenses/,http://www.apache.org/licenses/LICENSE-2.0,https://enterprise.dejacode.com/urn/urn:dje:license:apache-2.0,Apache-2.0,https://spdx.org/licenses/Apache-2.0,3,12,apache-2.0_24.RULE,apache-2.0,[u'apache-2.0'],False,True,False,False,2-aho,78,78,100.00,100.00,,,
/s3transfer-0.1.13.tar.gz-extract/s3transfer-0.1.13/s3transfer/manager.py,,,,,,,,,,,,,,,,,,,,,,,,,,,,,,,,,,,,,,1,1,,,,,,,,,,,,,,"Copyright 2016 Amazon.com, Inc.",
/s3transfer-0.1.13.tar.gz-extract/s3transfer-0.1.13/s3transfer/manager.py,,,,,,,,,,,,,,,,,,,,,,,,,,,,,,,,,,,,,,1,1,,,,,,,,,,,,,,,"Amazon.com, Inc."
/s3transfer-0.1.13.tar.gz-extract/s3transfer-0.1.13/s3transfer/subscribers.py,file,subscribers.py,subscribers,.py,3628,2018-02-14,b81ead0d7357b43e08e3d9475258e8aa3852c576,8429e754e9a8f5bcf65f36ac40d2dccb,text/x-c++,"C++ source, ASCII text",Python,False,True,False,False,True,False,False,False,False,False,0,0,0,,,,,,,,,,,,,,,,,,,,,,,,,,,,,,
/s3transfer-0.1.13.tar.gz-extract/s3transfer-0.1.13/s3transfer/subscribers.py,,,,,,,,,,,,,,,,,,,,,,,,,,apache-2.0,100.00,Apache License 2.0,Apache 2.0,Permissive,False,Apache Software Foundation,http://www.apache.org/licenses/,http://www.apache.org/licenses/LICENSE-2.0,https://enterprise.dejacode.com/urn/urn:dje:license:apache-2.0,Apache-2.0,https://spdx.org/licenses/Apache-2.0,3,12,apache-2.0_24.RULE,apache-2.0,[u'apache-2.0'],False,True,False,False,2-aho,78,78,100.00,100.00,,,
/s3transfer-0.1.13.tar.gz-extract/s3transfer-0.1.13/s3transfer/subscribers.py,,,,,,,,,,,,,,,,,,,,,,,,,,,,,,,,,,,,,,1,1,,,,,,,,,,,,,,"Copyright 2016 Amazon.com, Inc.",
/s3transfer-0.1.13.tar.gz-extract/s3transfer-0.1.13/s3transfer/subscribers.py,,,,,,,,,,,,,,,,,,,,,,,,,,,,,,,,,,,,,,1,1,,,,,,,,,,,,,,,"Amazon.com, Inc."
/s3transfer-0.1.13.tar.gz-extract/s3transfer-0.1.13/s3transfer/tasks.py,file,tasks.py,tasks,.py,16002,2018-02-14,b86aa646dc817f290420ffe199933912cbdd3c8f,7bb0d6a1467c62873c074b98cb54cd8b,text/x-python,"Python script, ASCII text executable",Python,False,True,False,False,True,True,False,False,False,False,0,0,0,,,,,,,,,,,,,,,,,,,,,,,,,,,,,,
/s3transfer-0.1.13.tar.gz-extract/s3transfer-0.1.13/s3transfer/tasks.py,,,,,,,,,,,,,,,,,,,,,,,,,,apache-2.0,100.00,Apache License 2.0,Apache 2.0,Permissive,False,Apache Software Foundation,http://www.apache.org/licenses/,http://www.apache.org/licenses/LICENSE-2.0,https://enterprise.dejacode.com/urn/urn:dje:license:apache-2.0,Apache-2.0,https://spdx.org/licenses/Apache-2.0,3,12,apache-2.0_24.RULE,apache-2.0,[u'apache-2.0'],False,True,False,False,2-aho,78,78,100.00,100.00,,,
/s3transfer-0.1.13.tar.gz-extract/s3transfer-0.1.13/s3transfer/tasks.py,,,,,,,,,,,,,,,,,,,,,,,,,,,,,,,,,,,,,,1,1,,,,,,,,,,,,,,"Copyright 2016 Amazon.com, Inc.",
/s3transfer-0.1.13.tar.gz-extract/s3transfer-0.1.13/s3transfer/tasks.py,,,,,,,,,,,,,,,,,,,,,,,,,,,,,,,,,,,,,,1,1,,,,,,,,,,,,,,,"Amazon.com, Inc."
/s3transfer-0.1.13.tar.gz-extract/s3transfer-0.1.13/s3transfer/upload.py,file,upload.py,upload,.py,29558,2018-02-14,ad031f3c93fedb5b65620dd5426975a112daee4e,0c490dc18681f6c224ee258142e4e572,text/x-python,"Python script, ASCII text executable",Python,False,True,False,False,True,True,False,False,False,False,0,0,0,,,,,,,,,,,,,,,,,,,,,,,,,,,,,,
/s3transfer-0.1.13.tar.gz-extract/s3transfer-0.1.13/s3transfer/upload.py,,,,,,,,,,,,,,,,,,,,,,,,,,apache-2.0,100.00,Apache License 2.0,Apache 2.0,Permissive,False,Apache Software Foundation,http://www.apache.org/licenses/,http://www.apache.org/licenses/LICENSE-2.0,https://enterprise.dejacode.com/urn/urn:dje:license:apache-2.0,Apache-2.0,https://spdx.org/licenses/Apache-2.0,3,12,apache-2.0_24.RULE,apache-2.0,[u'apache-2.0'],False,True,False,False,2-aho,78,78,100.00,100.00,,,
/s3transfer-0.1.13.tar.gz-extract/s3transfer-0.1.13/s3transfer/upload.py,,,,,,,,,,,,,,,,,,,,,,,,,,,,,,,,,,,,,,1,1,,,,,,,,,,,,,,"Copyright 2016 Amazon.com, Inc.",
/s3transfer-0.1.13.tar.gz-extract/s3transfer-0.1.13/s3transfer/upload.py,,,,,,,,,,,,,,,,,,,,,,,,,,,,,,,,,,,,,,1,1,,,,,,,,,,,,,,,"Amazon.com, Inc."
/s3transfer-0.1.13.tar.gz-extract/s3transfer-0.1.13/s3transfer/utils.py,file,utils.py,utils,.py,25535,2018-02-14,ab559a1749f643a76c55aa67ef4e89e6d10f7f43,d682e7d9f80f5274a5cb648d5d2ce8e2,text/x-python,"Python script, ASCII text executable",Python,False,True,False,False,True,True,False,False,False,False,0,0,0,,,,,,,,,,,,,,,,,,,,,,,,,,,,,,
/s3transfer-0.1.13.tar.gz-extract/s3transfer-0.1.13/s3transfer/utils.py,,,,,,,,,,,,,,,,,,,,,,,,,,apache-2.0,100.00,Apache License 2.0,Apache 2.0,Permissive,False,Apache Software Foundation,http://www.apache.org/licenses/,http://www.apache.org/licenses/LICENSE-2.0,https://enterprise.dejacode.com/urn/urn:dje:license:apache-2.0,Apache-2.0,https://spdx.org/licenses/Apache-2.0,3,12,apache-2.0_24.RULE,apache-2.0,[u'apache-2.0'],False,True,False,False,2-aho,78,78,100.00,100.00,,,
/s3transfer-0.1.13.tar.gz-extract/s3transfer-0.1.13/s3transfer/utils.py,,,,,,,,,,,,,,,,,,,,,,,,,,,,,,,,,,,,,,1,1,,,,,,,,,,,,,,"Copyright 2016 Amazon.com, Inc.",
/s3transfer-0.1.13.tar.gz-extract/s3transfer-0.1.13/s3transfer/utils.py,,,,,,,,,,,,,,,,,,,,,,,,,,,,,,,,,,,,,,1,1,,,,,,,,,,,,,,,"Amazon.com, Inc."
/s3transfer-0.1.13.tar.gz-extract/s3transfer-0.1.13/s3transfer.egg-info/,directory,s3transfer.egg-info,s3transfer.egg-info,,0,,,,,,,False,False,False,False,False,False,False,False,False,True,5,0,3022,,,,,,,,,,,,,,,,,,,,,,,,,,,,,,
/s3transfer-0.1.13.tar.gz-extract/s3transfer-0.1.13/s3transfer.egg-info/dependency_links.txt,file,dependency_links.txt,dependency_links,.txt,1,2018-02-14,adc83b19e793491b1c6ea0fd8b46cd9f32e592fc,68b329da9893e34099c7d8ad5cb9c940,application/octet-stream,very short file (no magic),,False,True,False,False,False,False,False,False,False,False,0,0,0,,,,,,,,,,,,,,,,,,,,,,,,,,,,,,
/s3transfer-0.1.13.tar.gz-extract/s3transfer-0.1.13/s3transfer.egg-info/PKG-INFO,file,PKG-INFO,PKG-INFO,,1572,2018-02-14,77b5a3f95292f196c577bfc6439409d021a4f35d,0d9cead105da8c925837300714d9b63b,text/plain,ASCII text,,False,True,False,False,False,False,False,False,False,False,0,0,0,,,,,,,,,,,,,,,,,,,,,,,,,,,,,,
/s3transfer-0.1.13.tar.gz-extract/s3transfer-0.1.13/s3transfer.egg-info/PKG-INFO,,,,,,,,,,,,,,,,,,,,,,,,,,apache-2.0,29.00,Apache License 2.0,Apache 2.0,Permissive,False,Apache Software Foundation,http://www.apache.org/licenses/,http://www.apache.org/licenses/LICENSE-2.0,https://enterprise.dejacode.com/urn/urn:dje:license:apache-2.0,Apache-2.0,https://spdx.org/licenses/Apache-2.0,8,8,apache-2.0_10.RULE,apache-2.0,[u'apache-2.0'],False,False,True,False,2-aho,5,5,100.00,29.00,,,
/s3transfer-0.1.13.tar.gz-extract/s3transfer-0.1.13/s3transfer.egg-info/PKG-INFO,,,,,,,,,,,,,,,,,,,,,,,,,,apache-2.0,35.00,Apache License 2.0,Apache 2.0,Permissive,False,Apache Software Foundation,http://www.apache.org/licenses/,http://www.apache.org/licenses/LICENSE-2.0,https://enterprise.dejacode.com/urn/urn:dje:license:apache-2.0,Apache-2.0,https://spdx.org/licenses/Apache-2.0,27,27,pypi_apache_software_license.RULE,apache-2.0,[u'apache-2.0'],False,False,False,True,2-aho,6,6,100.00,35.00,,,
/s3transfer-0.1.13.tar.gz-extract/s3transfer-0.1.13/s3transfer.egg-info/PKG-INFO,,,,,,,,,,,,,,,,,,,,,,,,,,,,,,,,,,,,,,6,6,,,,,,,,,,,,,Amazon Web Services Author-email kyknapp1@gmail.com,,
/s3transfer-0.1.13.tar.gz-extract/s3transfer-0.1.13/s3transfer.egg-info/requires.txt,file,requires.txt,requires,.txt,118,2018-02-14,8a31fb5363b7c6c6ba7be00461e349f205b0983f,720e4e8486f07c1bbef2ddffda8ee1a3,text/plain,ASCII text,,False,True,False,False,False,False,False,False,False,False,0,0,0,,,,,,,,,,,,,,,,,,,,,,,,,,,,,,
/s3transfer-0.1.13.tar.gz-extract/s3transfer-0.1.13/s3transfer.egg-info/SOURCES.txt,file,SOURCES.txt,SOURCES,.txt,1320,2018-02-14,f4391944c557847fb25dccab96da002ba54f0f08,ed028b9396118439dfe5bd46b94a3784,text/plain,ASCII text,,False,True,False,False,False,False,False,False,False,False,0,0,0,,,,,,,,,,,,,,,,,,,,,,,,,,,,,,
/s3transfer-0.1.13.tar.gz-extract/s3transfer-0.1.13/s3transfer.egg-info/top_level.txt,file,top_level.txt,top_level,.txt,11,2018-02-14,1e27babd8422e3ae237b075457ea48f51aeb155f,ea75474a302ca405cca878b380de96fb,text/plain,ASCII text,,False,True,False,False,False,False,False,False,False,False,0,0,0,,,,,,,,,,,,,,,,,,,,,,,,,,,,,,
/s3transfer-0.1.13.tar.gz-extract/s3transfer-0.1.13/tests/,directory,tests,tests,,0,,,,,,,False,False,False,False,False,False,False,False,False,True,27,3,343873,,,,,,,,,,,,,,,,,,,,,,,,,,,,,,
/s3transfer-0.1.13.tar.gz-extract/s3transfer-0.1.13/tests/__init__.py,file,__init__.py,__init__,.py,17269,2018-02-14,26e87d2cefd530ebb487f10fd200bc40e2429483,6cfa25b77032c77b86a3fa9abf8fd60f,text/x-python,"Python script, ASCII text executable",Python,False,True,False,False,True,True,False,False,False,False,0,0,0,,,,,,,,,,,,,,,,,,,,,,,,,,,,,,
/s3transfer-0.1.13.tar.gz-extract/s3transfer-0.1.13/tests/__init__.py,,,,,,,,,,,,,,,,,,,,,,,,,,apache-2.0,100.00,Apache License 2.0,Apache 2.0,Permissive,False,Apache Software Foundation,http://www.apache.org/licenses/,http://www.apache.org/licenses/LICENSE-2.0,https://enterprise.dejacode.com/urn/urn:dje:license:apache-2.0,Apache-2.0,https://spdx.org/licenses/Apache-2.0,3,12,apache-2.0_24.RULE,apache-2.0,[u'apache-2.0'],False,True,False,False,2-aho,78,78,100.00,100.00,,,
/s3transfer-0.1.13.tar.gz-extract/s3transfer-0.1.13/tests/__init__.py,,,,,,,,,,,,,,,,,,,,,,,,,,,,,,,,,,,,,,1,1,,,,,,,,,,,,,,"Copyright 2016 Amazon.com, Inc.",
/s3transfer-0.1.13.tar.gz-extract/s3transfer-0.1.13/tests/__init__.py,,,,,,,,,,,,,,,,,,,,,,,,,,,,,,,,,,,,,,1,1,,,,,,,,,,,,,,,"Amazon.com, Inc."
/s3transfer-0.1.13.tar.gz-extract/s3transfer-0.1.13/tests/functional/,directory,functional,functional,,0,,,,,,,False,False,False,False,False,False,False,False,False,False,7,0,68806,,,,,,,,,,,,,,,,,,,,,,,,,,,,,,
/s3transfer-0.1.13.tar.gz-extract/s3transfer-0.1.13/tests/functional/__init__.py,file,__init__.py,__init__,.py,561,2018-02-14,761b3dc9fce3398172ab5f07ed8c00f7f8b1765e,3d24fe08d99661b99987c269b62c9c73,text/plain,ASCII text,Python,False,True,False,False,True,False,False,False,False,False,0,0,0,,,,,,,,,,,,,,,,,,,,,,,,,,,,,,
/s3transfer-0.1.13.tar.gz-extract/s3transfer-0.1.13/tests/functional/__init__.py,,,,,,,,,,,,,,,,,,,,,,,,,,apache-2.0,100.00,Apache License 2.0,Apache 2.0,Permissive,False,Apache Software Foundation,http://www.apache.org/licenses/,http://www.apache.org/licenses/LICENSE-2.0,https://enterprise.dejacode.com/urn/urn:dje:license:apache-2.0,Apache-2.0,https://spdx.org/licenses/Apache-2.0,3,12,apache-2.0_24.RULE,apache-2.0,[u'apache-2.0'],False,True,False,False,2-aho,78,78,100.00,100.00,,,
/s3transfer-0.1.13.tar.gz-extract/s3transfer-0.1.13/tests/functional/__init__.py,,,,,,,,,,,,,,,,,,,,,,,,,,,,,,,,,,,,,,1,1,,,,,,,,,,,,,,"Copyright 2016 Amazon.com, Inc.",
/s3transfer-0.1.13.tar.gz-extract/s3transfer-0.1.13/tests/functional/__init__.py,,,,,,,,,,,,,,,,,,,,,,,,,,,,,,,,,,,,,,1,1,,,,,,,,,,,,,,,"Amazon.com, Inc."
/s3transfer-0.1.13.tar.gz-extract/s3transfer-0.1.13/tests/functional/test_copy.py,file,test_copy.py,test_copy,.py,18486,2018-02-14,1a6d5bf0e2e67b10aafa376803a43a993f5c5209,c2b2ce6b6128b13454296d1f619d1696,text/x-python,"Python script, ASCII text executable",Python,False,True,False,False,True,True,False,False,False,False,0,0,0,,,,,,,,,,,,,,,,,,,,,,,,,,,,,,
/s3transfer-0.1.13.tar.gz-extract/s3transfer-0.1.13/tests/functional/test_copy.py,,,,,,,,,,,,,,,,,,,,,,,,,,apache-2.0,100.00,Apache License 2.0,Apache 2.0,Permissive,False,Apache Software Foundation,http://www.apache.org/licenses/,http://www.apache.org/licenses/LICENSE-2.0,https://enterprise.dejacode.com/urn/urn:dje:license:apache-2.0,Apache-2.0,https://spdx.org/licenses/Apache-2.0,3,12,apache-2.0_24.RULE,apache-2.0,[u'apache-2.0'],False,True,False,False,2-aho,78,78,100.00,100.00,,,
/s3transfer-0.1.13.tar.gz-extract/s3transfer-0.1.13/tests/functional/test_copy.py,,,,,,,,,,,,,,,,,,,,,,,,,,,,,,,,,,,,,,1,1,,,,,,,,,,,,,,"Copyright 2016 Amazon.com, Inc.",
/s3transfer-0.1.13.tar.gz-extract/s3transfer-0.1.13/tests/functional/test_copy.py,,,,,,,,,,,,,,,,,,,,,,,,,,,,,,,,,,,,,,1,1,,,,,,,,,,,,,,,"Amazon.com, Inc."
/s3transfer-0.1.13.tar.gz-extract/s3transfer-0.1.13/tests/functional/test_delete.py,file,test_delete.py,test_delete,.py,2211,2018-02-14,84e4e113144b57cf0295983b69ceb7af18bb8d15,8c8da8680b2509181ff0d08205fc327c,text/x-python,"Python script, ASCII text executable",Python,False,True,False,False,True,True,False,False,False,False,0,0,0,,,,,,,,,,,,,,,,,,,,,,,,,,,,,,
/s3transfer-0.1.13.tar.gz-extract/s3transfer-0.1.13/tests/functional/test_delete.py,,,,,,,,,,,,,,,,,,,,,,,,,,apache-2.0,100.00,Apache License 2.0,Apache 2.0,Permissive,False,Apache Software Foundation,http://www.apache.org/licenses/,http://www.apache.org/licenses/LICENSE-2.0,https://enterprise.dejacode.com/urn/urn:dje:license:apache-2.0,Apache-2.0,https://spdx.org/licenses/Apache-2.0,3,12,apache-2.0_24.RULE,apache-2.0,[u'apache-2.0'],False,True,False,False,2-aho,78,78,100.00,100.00,,,
/s3transfer-0.1.13.tar.gz-extract/s3transfer-0.1.13/tests/functional/test_delete.py,,,,,,,,,,,,,,,,,,,,,,,,,,,,,,,,,,,,,,1,1,,,,,,,,,,,,,,"Copyright 2016 Amazon.com, Inc.",
/s3transfer-0.1.13.tar.gz-extract/s3transfer-0.1.13/tests/functional/test_delete.py,,,,,,,,,,,,,,,,,,,,,,,,,,,,,,,,,,,,,,1,1,,,,,,,,,,,,,,,"Amazon.com, Inc."
/s3transfer-0.1.13.tar.gz-extract/s3transfer-0.1.13/tests/functional/test_download.py,file,test_download.py,test_download,.py,18196,2018-02-14,5f1e6cf16e3be0d285d99974d9eb5ed21ab9b0a4,f864c06e857ff19e36bc09046c509a4c,text/x-python,"Python script, ASCII text executable",Python,False,True,False,False,True,True,False,False,False,False,0,0,0,,,,,,,,,,,,,,,,,,,,,,,,,,,,,,
/s3transfer-0.1.13.tar.gz-extract/s3transfer-0.1.13/tests/functional/test_download.py,,,,,,,,,,,,,,,,,,,,,,,,,,apache-2.0,100.00,Apache License 2.0,Apache 2.0,Permissive,False,Apache Software Foundation,http://www.apache.org/licenses/,http://www.apache.org/licenses/LICENSE-2.0,https://enterprise.dejacode.com/urn/urn:dje:license:apache-2.0,Apache-2.0,https://spdx.org/licenses/Apache-2.0,3,12,apache-2.0_24.RULE,apache-2.0,[u'apache-2.0'],False,True,False,False,2-aho,78,78,100.00,100.00,,,
/s3transfer-0.1.13.tar.gz-extract/s3transfer-0.1.13/tests/functional/test_download.py,,,,,,,,,,,,,,,,,,,,,,,,,,,,,,,,,,,,,,1,1,,,,,,,,,,,,,,"Copyright 2016 Amazon.com, Inc.",
/s3transfer-0.1.13.tar.gz-extract/s3transfer-0.1.13/tests/functional/test_download.py,,,,,,,,,,,,,,,,,,,,,,,,,,,,,,,,,,,,,,1,1,,,,,,,,,,,,,,,"Amazon.com, Inc."
/s3transfer-0.1.13.tar.gz-extract/s3transfer-0.1.13/tests/functional/test_manager.py,file,test_manager.py,test_manager,.py,6611,2018-02-14,a48053368b655f4d74202d4e23244426cef63d71,5e746a8f9f61b88daff80640a43ca69b,text/x-python,"Python script, ASCII text executable",Python,False,True,False,False,True,True,False,False,False,False,0,0,0,,,,,,,,,,,,,,,,,,,,,,,,,,,,,,
/s3transfer-0.1.13.tar.gz-extract/s3transfer-0.1.13/tests/functional/test_manager.py,,,,,,,,,,,,,,,,,,,,,,,,,,apache-2.0,100.00,Apache License 2.0,Apache 2.0,Permissive,False,Apache Software Foundation,http://www.apache.org/licenses/,http://www.apache.org/licenses/LICENSE-2.0,https://enterprise.dejacode.com/urn/urn:dje:license:apache-2.0,Apache-2.0,https://spdx.org/licenses/Apache-2.0,3,12,apache-2.0_24.RULE,apache-2.0,[u'apache-2.0'],False,True,False,False,2-aho,78,78,100.00,100.00,,,
/s3transfer-0.1.13.tar.gz-extract/s3transfer-0.1.13/tests/functional/test_manager.py,,,,,,,,,,,,,,,,,,,,,,,,,,,,,,,,,,,,,,1,1,,,,,,,,,,,,,,"Copyright 2016 Amazon.com, Inc.",
/s3transfer-0.1.13.tar.gz-extract/s3transfer-0.1.13/tests/functional/test_manager.py,,,,,,,,,,,,,,,,,,,,,,,,,,,,,,,,,,,,,,1,1,,,,,,,,,,,,,,,"Amazon.com, Inc."
/s3transfer-0.1.13.tar.gz-extract/s3transfer-0.1.13/tests/functional/test_upload.py,file,test_upload.py,test_upload,.py,21307,2018-02-14,2b61fb17920f2da506fb50fe7cb30fd56dd171a2,a73169828e9527b9614c24cb31ebfb16,text/x-python,"Python script, ASCII text executable",Python,False,True,False,False,True,True,False,False,False,False,0,0,0,,,,,,,,,,,,,,,,,,,,,,,,,,,,,,
/s3transfer-0.1.13.tar.gz-extract/s3transfer-0.1.13/tests/functional/test_upload.py,,,,,,,,,,,,,,,,,,,,,,,,,,apache-2.0,100.00,Apache License 2.0,Apache 2.0,Permissive,False,Apache Software Foundation,http://www.apache.org/licenses/,http://www.apache.org/licenses/LICENSE-2.0,https://enterprise.dejacode.com/urn/urn:dje:license:apache-2.0,Apache-2.0,https://spdx.org/licenses/Apache-2.0,3,12,apache-2.0_24.RULE,apache-2.0,[u'apache-2.0'],False,True,False,False,2-aho,78,78,100.00,100.00,,,
/s3transfer-0.1.13.tar.gz-extract/s3transfer-0.1.13/tests/functional/test_upload.py,,,,,,,,,,,,,,,,,,,,,,,,,,,,,,,,,,,,,,1,1,,,,,,,,,,,,,,"Copyright 2016 Amazon.com, Inc.",
/s3transfer-0.1.13.tar.gz-extract/s3transfer-0.1.13/tests/functional/test_upload.py,,,,,,,,,,,,,,,,,,,,,,,,,,,,,,,,,,,,,,1,1,,,,,,,,,,,,,,,"Amazon.com, Inc."
/s3transfer-0.1.13.tar.gz-extract/s3transfer-0.1.13/tests/functional/test_utils.py,file,test_utils.py,test_utils,.py,1434,2018-02-14,867b36ae4e19c51571623baaf6e4fde662bac551,96106a5929244c7e04750d6469d1dba6,text/x-python,"Python script, ASCII text executable",Python,False,True,False,False,True,True,False,False,False,False,0,0,0,,,,,,,,,,,,,,,,,,,,,,,,,,,,,,
/s3transfer-0.1.13.tar.gz-extract/s3transfer-0.1.13/tests/functional/test_utils.py,,,,,,,,,,,,,,,,,,,,,,,,,,apache-2.0,100.00,Apache License 2.0,Apache 2.0,Permissive,False,Apache Software Foundation,http://www.apache.org/licenses/,http://www.apache.org/licenses/LICENSE-2.0,https://enterprise.dejacode.com/urn/urn:dje:license:apache-2.0,Apache-2.0,https://spdx.org/licenses/Apache-2.0,3,12,apache-2.0_24.RULE,apache-2.0,[u'apache-2.0'],False,True,False,False,2-aho,78,78,100.00,100.00,,,
/s3transfer-0.1.13.tar.gz-extract/s3transfer-0.1.13/tests/functional/test_utils.py,,,,,,,,,,,,,,,,,,,,,,,,,,,,,,,,,,,,,,1,1,,,,,,,,,,,,,,"Copyright 2016 Amazon.com, Inc.",
/s3transfer-0.1.13.tar.gz-extract/s3transfer-0.1.13/tests/functional/test_utils.py,,,,,,,,,,,,,,,,,,,,,,,,,,,,,,,,,,,,,,1,1,,,,,,,,,,,,,,,"Amazon.com, Inc."
/s3transfer-0.1.13.tar.gz-extract/s3transfer-0.1.13/tests/integration/,directory,integration,integration,,0,,,,,,,False,False,False,False,False,False,False,False,False,False,6,0,38075,,,,,,,,,,,,,,,,,,,,,,,,,,,,,,
/s3transfer-0.1.13.tar.gz-extract/s3transfer-0.1.13/tests/integration/__init__.py,file,__init__.py,__init__,.py,2573,2018-02-14,71ac8773a496192eb2aaa358c6bfbd19b62744a7,33703b5a92c3cc4c22af9f49b7581974,text/x-python,"Python script, ASCII text executable",Python,False,True,False,False,True,True,False,False,False,False,0,0,0,,,,,,,,,,,,,,,,,,,,,,,,,,,,,,
/s3transfer-0.1.13.tar.gz-extract/s3transfer-0.1.13/tests/integration/__init__.py,,,,,,,,,,,,,,,,,,,,,,,,,,apache-2.0,100.00,Apache License 2.0,Apache 2.0,Permissive,False,Apache Software Foundation,http://www.apache.org/licenses/,http://www.apache.org/licenses/LICENSE-2.0,https://enterprise.dejacode.com/urn/urn:dje:license:apache-2.0,Apache-2.0,https://spdx.org/licenses/Apache-2.0,3,12,apache-2.0_24.RULE,apache-2.0,[u'apache-2.0'],False,True,False,False,2-aho,78,78,100.00,100.00,,,
/s3transfer-0.1.13.tar.gz-extract/s3transfer-0.1.13/tests/integration/__init__.py,,,,,,,,,,,,,,,,,,,,,,,,,,,,,,,,,,,,,,1,1,,,,,,,,,,,,,,"Copyright 2016 Amazon.com, Inc.",
/s3transfer-0.1.13.tar.gz-extract/s3transfer-0.1.13/tests/integration/__init__.py,,,,,,,,,,,,,,,,,,,,,,,,,,,,,,,,,,,,,,1,1,,,,,,,,,,,,,,,"Amazon.com, Inc."
/s3transfer-0.1.13.tar.gz-extract/s3transfer-0.1.13/tests/integration/test_copy.py,file,test_copy.py,test_copy,.py,2986,2018-02-14,d0a8cb4d9fa41a0759b2ffea4039c1e1f5186a15,e39e28aeed323d2170523f2b10e0f387,text/x-python,"Python script, ASCII text executable",Python,False,True,False,False,True,True,False,False,False,False,0,0,0,,,,,,,,,,,,,,,,,,,,,,,,,,,,,,
/s3transfer-0.1.13.tar.gz-extract/s3transfer-0.1.13/tests/integration/test_copy.py,,,,,,,,,,,,,,,,,,,,,,,,,,apache-2.0,100.00,Apache License 2.0,Apache 2.0,Permissive,False,Apache Software Foundation,http://www.apache.org/licenses/,http://www.apache.org/licenses/LICENSE-2.0,https://enterprise.dejacode.com/urn/urn:dje:license:apache-2.0,Apache-2.0,https://spdx.org/licenses/Apache-2.0,3,12,apache-2.0_24.RULE,apache-2.0,[u'apache-2.0'],False,True,False,False,2-aho,78,78,100.00,100.00,,,
/s3transfer-0.1.13.tar.gz-extract/s3transfer-0.1.13/tests/integration/test_copy.py,,,,,,,,,,,,,,,,,,,,,,,,,,,,,,,,,,,,,,1,1,,,,,,,,,,,,,,"Copyright 2016 Amazon.com, Inc.",
/s3transfer-0.1.13.tar.gz-extract/s3transfer-0.1.13/tests/integration/test_copy.py,,,,,,,,,,,,,,,,,,,,,,,,,,,,,,,,,,,,,,1,1,,,,,,,,,,,,,,,"Amazon.com, Inc."
/s3transfer-0.1.13.tar.gz-extract/s3transfer-0.1.13/tests/integration/test_delete.py,file,test_delete.py,test_delete,.py,1262,2018-02-14,5a2576aa3ca81af826e66d49869fbe6797b25f8d,2617db1f992c9faa7024f21b51beb0ee,text/x-python,"Python script, ASCII text executable",Python,False,True,False,False,True,True,False,False,False,False,0,0,0,,,,,,,,,,,,,,,,,,,,,,,,,,,,,,
/s3transfer-0.1.13.tar.gz-extract/s3transfer-0.1.13/tests/integration/test_delete.py,,,,,,,,,,,,,,,,,,,,,,,,,,apache-2.0,100.00,Apache License 2.0,Apache 2.0,Permissive,False,Apache Software Foundation,http://www.apache.org/licenses/,http://www.apache.org/licenses/LICENSE-2.0,https://enterprise.dejacode.com/urn/urn:dje:license:apache-2.0,Apache-2.0,https://spdx.org/licenses/Apache-2.0,3,12,apache-2.0_24.RULE,apache-2.0,[u'apache-2.0'],False,True,False,False,2-aho,78,78,100.00,100.00,,,
/s3transfer-0.1.13.tar.gz-extract/s3transfer-0.1.13/tests/integration/test_delete.py,,,,,,,,,,,,,,,,,,,,,,,,,,,,,,,,,,,,,,1,1,,,,,,,,,,,,,,"Copyright 2016 Amazon.com, Inc.",
/s3transfer-0.1.13.tar.gz-extract/s3transfer-0.1.13/tests/integration/test_delete.py,,,,,,,,,,,,,,,,,,,,,,,,,,,,,,,,,,,,,,1,1,,,,,,,,,,,,,,,"Amazon.com, Inc."
/s3transfer-0.1.13.tar.gz-extract/s3transfer-0.1.13/tests/integration/test_download.py,file,test_download.py,test_download,.py,10259,2018-02-14,2bc27e7fa03002578b4f7563fce9acf7fa23698b,42a7170a6decfb8f1933a0df4e86c51c,text/x-python,"Python script, ASCII text executable",Python,False,True,False,False,True,True,False,False,False,False,0,0,0,,,,,,,,,,,,,,,,,,,,,,,,,,,,,,
/s3transfer-0.1.13.tar.gz-extract/s3transfer-0.1.13/tests/integration/test_download.py,,,,,,,,,,,,,,,,,,,,,,,,,,apache-2.0,100.00,Apache License 2.0,Apache 2.0,Permissive,False,Apache Software Foundation,http://www.apache.org/licenses/,http://www.apache.org/licenses/LICENSE-2.0,https://enterprise.dejacode.com/urn/urn:dje:license:apache-2.0,Apache-2.0,https://spdx.org/licenses/Apache-2.0,3,12,apache-2.0_24.RULE,apache-2.0,[u'apache-2.0'],False,True,False,False,2-aho,78,78,100.00,100.00,,,
/s3transfer-0.1.13.tar.gz-extract/s3transfer-0.1.13/tests/integration/test_download.py,,,,,,,,,,,,,,,,,,,,,,,,,,,,,,,,,,,,,,1,1,,,,,,,,,,,,,,"Copyright 2016 Amazon.com, Inc.",
/s3transfer-0.1.13.tar.gz-extract/s3transfer-0.1.13/tests/integration/test_download.py,,,,,,,,,,,,,,,,,,,,,,,,,,,,,,,,,,,,,,1,1,,,,,,,,,,,,,,,"Amazon.com, Inc."
/s3transfer-0.1.13.tar.gz-extract/s3transfer-0.1.13/tests/integration/test_s3transfer.py,file,test_s3transfer.py,test_s3transfer,.py,13626,2018-02-14,3c06ba9083a198b589e6754e2ce3759c943b03a9,cc344bedde832e38a653eda127fa9e37,text/x-python,"Python script, ASCII text executable",Python,False,True,False,False,True,True,False,False,False,False,0,0,0,,,,,,,,,,,,,,,,,,,,,,,,,,,,,,
/s3transfer-0.1.13.tar.gz-extract/s3transfer-0.1.13/tests/integration/test_s3transfer.py,,,,,,,,,,,,,,,,,,,,,,,,,,apache-2.0,100.00,Apache License 2.0,Apache 2.0,Permissive,False,Apache Software Foundation,http://www.apache.org/licenses/,http://www.apache.org/licenses/LICENSE-2.0,https://enterprise.dejacode.com/urn/urn:dje:license:apache-2.0,Apache-2.0,https://spdx.org/licenses/Apache-2.0,3,12,apache-2.0_24.RULE,apache-2.0,[u'apache-2.0'],False,True,False,False,2-aho,78,78,100.00,100.00,,,
/s3transfer-0.1.13.tar.gz-extract/s3transfer-0.1.13/tests/integration/test_s3transfer.py,,,,,,,,,,,,,,,,,,,,,,,,,,,,,,,,,,,,,,1,1,,,,,,,,,,,,,,"Copyright 2016 Amazon.com, Inc.",
/s3transfer-0.1.13.tar.gz-extract/s3transfer-0.1.13/tests/integration/test_s3transfer.py,,,,,,,,,,,,,,,,,,,,,,,,,,,,,,,,,,,,,,1,1,,,,,,,,,,,,,,,"Amazon.com, Inc."
/s3transfer-0.1.13.tar.gz-extract/s3transfer-0.1.13/tests/integration/test_upload.py,file,test_upload.py,test_upload,.py,7369,2018-02-14,6f369aaef28848b93315062992396eb6a571cb25,25ef8e235190a648643794447f1e0b05,text/x-python,"Python script, ASCII text executable",Python,False,True,False,False,True,True,False,False,False,False,0,0,0,,,,,,,,,,,,,,,,,,,,,,,,,,,,,,
/s3transfer-0.1.13.tar.gz-extract/s3transfer-0.1.13/tests/integration/test_upload.py,,,,,,,,,,,,,,,,,,,,,,,,,,apache-2.0,100.00,Apache License 2.0,Apache 2.0,Permissive,False,Apache Software Foundation,http://www.apache.org/licenses/,http://www.apache.org/licenses/LICENSE-2.0,https://enterprise.dejacode.com/urn/urn:dje:license:apache-2.0,Apache-2.0,https://spdx.org/licenses/Apache-2.0,3,12,apache-2.0_24.RULE,apache-2.0,[u'apache-2.0'],False,True,False,False,2-aho,78,78,100.00,100.00,,,
/s3transfer-0.1.13.tar.gz-extract/s3transfer-0.1.13/tests/integration/test_upload.py,,,,,,,,,,,,,,,,,,,,,,,,,,,,,,,,,,,,,,1,1,,,,,,,,,,,,,,"Copyright 2016 Amazon.com, Inc.",
/s3transfer-0.1.13.tar.gz-extract/s3transfer-0.1.13/tests/integration/test_upload.py,,,,,,,,,,,,,,,,,,,,,,,,,,,,,,,,,,,,,,1,1,,,,,,,,,,,,,,,"Amazon.com, Inc."
/s3transfer-0.1.13.tar.gz-extract/s3transfer-0.1.13/tests/unit/,directory,unit,unit,,0,,,,,,,False,False,False,False,False,False,False,False,False,False,13,0,219723,,,,,,,,,,,,,,,,,,,,,,,,,,,,,,
/s3transfer-0.1.13.tar.gz-extract/s3transfer-0.1.13/tests/unit/__init__.py,file,__init__.py,__init__,.py,561,2018-02-14,fd1b85bd1b095c9119a616f92d6ec69d5cb6066f,419d6ad58c4c340e4c08575a9c759055,text/plain,ASCII text,Python,False,True,False,False,True,False,False,False,False,False,0,0,0,,,,,,,,,,,,,,,,,,,,,,,,,,,,,,
/s3transfer-0.1.13.tar.gz-extract/s3transfer-0.1.13/tests/unit/__init__.py,,,,,,,,,,,,,,,,,,,,,,,,,,apache-2.0,100.00,Apache License 2.0,Apache 2.0,Permissive,False,Apache Software Foundation,http://www.apache.org/licenses/,http://www.apache.org/licenses/LICENSE-2.0,https://enterprise.dejacode.com/urn/urn:dje:license:apache-2.0,Apache-2.0,https://spdx.org/licenses/Apache-2.0,3,12,apache-2.0_24.RULE,apache-2.0,[u'apache-2.0'],False,True,False,False,2-aho,78,78,100.00,100.00,,,
/s3transfer-0.1.13.tar.gz-extract/s3transfer-0.1.13/tests/unit/__init__.py,,,,,,,,,,,,,,,,,,,,,,,,,,,,,,,,,,,,,,1,1,,,,,,,,,,,,,,"Copyright 2016 Amazon.com, Inc.",
/s3transfer-0.1.13.tar.gz-extract/s3transfer-0.1.13/tests/unit/__init__.py,,,,,,,,,,,,,,,,,,,,,,,,,,,,,,,,,,,,,,1,1,,,,,,,,,,,,,,,"Amazon.com, Inc."
/s3transfer-0.1.13.tar.gz-extract/s3transfer-0.1.13/tests/unit/test_bandwidth.py,file,test_bandwidth.py,test_bandwidth,.py,17842,2018-02-14,3bd29bbbab8043eccc9212d484bb1ffa845c1183,5b0f709d0835d23d10a0de9d1e578164,text/x-python,"Python script, ASCII text executable",Python,False,True,False,False,True,True,False,False,False,False,0,0,0,,,,,,,,,,,,,,,,,,,,,,,,,,,,,,
/s3transfer-0.1.13.tar.gz-extract/s3transfer-0.1.13/tests/unit/test_bandwidth.py,,,,,,,,,,,,,,,,,,,,,,,,,,apache-2.0,100.00,Apache License 2.0,Apache 2.0,Permissive,False,Apache Software Foundation,http://www.apache.org/licenses/,http://www.apache.org/licenses/LICENSE-2.0,https://enterprise.dejacode.com/urn/urn:dje:license:apache-2.0,Apache-2.0,https://spdx.org/licenses/Apache-2.0,3,12,apache-2.0_24.RULE,apache-2.0,[u'apache-2.0'],False,True,False,False,2-aho,78,78,100.00,100.00,,,
/s3transfer-0.1.13.tar.gz-extract/s3transfer-0.1.13/tests/unit/test_bandwidth.py,,,,,,,,,,,,,,,,,,,,,,,,,,,,,,,,,,,,,,1,1,,,,,,,,,,,,,,"Copyright 2017 Amazon.com, Inc.",
/s3transfer-0.1.13.tar.gz-extract/s3transfer-0.1.13/tests/unit/test_bandwidth.py,,,,,,,,,,,,,,,,,,,,,,,,,,,,,,,,,,,,,,1,1,,,,,,,,,,,,,,,"Amazon.com, Inc."
/s3transfer-0.1.13.tar.gz-extract/s3transfer-0.1.13/tests/unit/test_compat.py,file,test_compat.py,test_compat,.py,2435,2018-02-14,d2c1077952c80ded09f64dd92f6cd51f2ca529f7,23ac07d4f53e5b3e5425dd31c0e05056,text/x-python,"Python script, ASCII text executable",Python,False,True,False,False,True,True,False,False,False,False,0,0,0,,,,,,,,,,,,,,,,,,,,,,,,,,,,,,
/s3transfer-0.1.13.tar.gz-extract/s3transfer-0.1.13/tests/unit/test_compat.py,,,,,,,,,,,,,,,,,,,,,,,,,,apache-2.0,100.00,Apache License 2.0,Apache 2.0,Permissive,False,Apache Software Foundation,http://www.apache.org/licenses/,http://www.apache.org/licenses/LICENSE-2.0,https://enterprise.dejacode.com/urn/urn:dje:license:apache-2.0,Apache-2.0,https://spdx.org/licenses/Apache-2.0,3,12,apache-2.0_24.RULE,apache-2.0,[u'apache-2.0'],False,True,False,False,2-aho,78,78,100.00,100.00,,,
/s3transfer-0.1.13.tar.gz-extract/s3transfer-0.1.13/tests/unit/test_compat.py,,,,,,,,,,,,,,,,,,,,,,,,,,,,,,,,,,,,,,1,1,,,,,,,,,,,,,,"Copyright 2016 Amazon.com, Inc.",
/s3transfer-0.1.13.tar.gz-extract/s3transfer-0.1.13/tests/unit/test_compat.py,,,,,,,,,,,,,,,,,,,,,,,,,,,,,,,,,,,,,,1,1,,,,,,,,,,,,,,,"Amazon.com, Inc."
/s3transfer-0.1.13.tar.gz-extract/s3transfer-0.1.13/tests/unit/test_copies.py,file,test_copies.py,test_copies,.py,6115,2018-02-14,ef1694e7a58583ad4119360fd7b37cc520e73715,3b77f40e0dec6c423996b3e3706e7928,text/x-python,"Python script, ASCII text executable",Python,False,True,False,False,True,True,False,False,False,False,0,0,0,,,,,,,,,,,,,,,,,,,,,,,,,,,,,,
/s3transfer-0.1.13.tar.gz-extract/s3transfer-0.1.13/tests/unit/test_copies.py,,,,,,,,,,,,,,,,,,,,,,,,,,apache-2.0,100.00,Apache License 2.0,Apache 2.0,Permissive,False,Apache Software Foundation,http://www.apache.org/licenses/,http://www.apache.org/licenses/LICENSE-2.0,https://enterprise.dejacode.com/urn/urn:dje:license:apache-2.0,Apache-2.0,https://spdx.org/licenses/Apache-2.0,3,12,apache-2.0_24.RULE,apache-2.0,[u'apache-2.0'],False,True,False,False,2-aho,78,78,100.00,100.00,,,
/s3transfer-0.1.13.tar.gz-extract/s3transfer-0.1.13/tests/unit/test_copies.py,,,,,,,,,,,,,,,,,,,,,,,,,,,,,,,,,,,,,,1,1,,,,,,,,,,,,,,"Copyright 2016 Amazon.com, Inc.",
/s3transfer-0.1.13.tar.gz-extract/s3transfer-0.1.13/tests/unit/test_copies.py,,,,,,,,,,,,,,,,,,,,,,,,,,,,,,,,,,,,,,1,1,,,,,,,,,,,,,,,"Amazon.com, Inc."
/s3transfer-0.1.13.tar.gz-extract/s3transfer-0.1.13/tests/unit/test_delete.py,file,test_delete.py,test_delete,.py,2128,2018-02-14,6267a48124758f1a83ee6b49a9670aa57246ec38,a32e9052f6e7073f08dc7428c2c3f048,text/x-python,"Python script, ASCII text executable",Python,False,True,False,False,True,True,False,False,False,False,0,0,0,,,,,,,,,,,,,,,,,,,,,,,,,,,,,,
/s3transfer-0.1.13.tar.gz-extract/s3transfer-0.1.13/tests/unit/test_delete.py,,,,,,,,,,,,,,,,,,,,,,,,,,apache-2.0,100.00,Apache License 2.0,Apache 2.0,Permissive,False,Apache Software Foundation,http://www.apache.org/licenses/,http://www.apache.org/licenses/LICENSE-2.0,https://enterprise.dejacode.com/urn/urn:dje:license:apache-2.0,Apache-2.0,https://spdx.org/licenses/Apache-2.0,3,12,apache-2.0_24.RULE,apache-2.0,[u'apache-2.0'],False,True,False,False,2-aho,78,78,100.00,100.00,,,
/s3transfer-0.1.13.tar.gz-extract/s3transfer-0.1.13/tests/unit/test_delete.py,,,,,,,,,,,,,,,,,,,,,,,,,,,,,,,,,,,,,,1,1,,,,,,,,,,,,,,"Copyright 2016 Amazon.com, Inc.",
/s3transfer-0.1.13.tar.gz-extract/s3transfer-0.1.13/tests/unit/test_delete.py,,,,,,,,,,,,,,,,,,,,,,,,,,,,,,,,,,,,,,1,1,,,,,,,,,,,,,,,"Amazon.com, Inc."
/s3transfer-0.1.13.tar.gz-extract/s3transfer-0.1.13/tests/unit/test_download.py,file,test_download.py,test_download,.py,35497,2018-02-14,4adc208f40803d85e83ccde887150fee769ee147,ed6d0563c96bb4ef844568de4a98968c,text/x-python,"Python script, ASCII text executable",Python,False,True,False,False,True,True,False,False,False,False,0,0,0,,,,,,,,,,,,,,,,,,,,,,,,,,,,,,
/s3transfer-0.1.13.tar.gz-extract/s3transfer-0.1.13/tests/unit/test_download.py,,,,,,,,,,,,,,,,,,,,,,,,,,apache-2.0,100.00,Apache License 2.0,Apache 2.0,Permissive,False,Apache Software Foundation,http://www.apache.org/licenses/,http://www.apache.org/licenses/LICENSE-2.0,https://enterprise.dejacode.com/urn/urn:dje:license:apache-2.0,Apache-2.0,https://spdx.org/licenses/Apache-2.0,3,12,apache-2.0_24.RULE,apache-2.0,[u'apache-2.0'],False,True,False,False,2-aho,78,78,100.00,100.00,,,
/s3transfer-0.1.13.tar.gz-extract/s3transfer-0.1.13/tests/unit/test_download.py,,,,,,,,,,,,,,,,,,,,,,,,,,,,,,,,,,,,,,1,1,,,,,,,,,,,,,,"Copyright 2016 Amazon.com, Inc.",
/s3transfer-0.1.13.tar.gz-extract/s3transfer-0.1.13/tests/unit/test_download.py,,,,,,,,,,,,,,,,,,,,,,,,,,,,,,,,,,,,,,1,1,,,,,,,,,,,,,,,"Amazon.com, Inc."
/s3transfer-0.1.13.tar.gz-extract/s3transfer-0.1.13/tests/unit/test_futures.py,file,test_futures.py,test_futures,.py,26165,2018-02-14,6162cab2599c12bb98e3c3ca5ba8ffdbf9d793d7,a9ff31b3ea7cd13472bb9faaeab49860,text/x-python,"Python script, ASCII text executable",Python,False,True,False,False,True,True,False,False,False,False,0,0,0,,,,,,,,,,,,,,,,,,,,,,,,,,,,,,
/s3transfer-0.1.13.tar.gz-extract/s3transfer-0.1.13/tests/unit/test_futures.py,,,,,,,,,,,,,,,,,,,,,,,,,,apache-2.0,100.00,Apache License 2.0,Apache 2.0,Permissive,False,Apache Software Foundation,http://www.apache.org/licenses/,http://www.apache.org/licenses/LICENSE-2.0,https://enterprise.dejacode.com/urn/urn:dje:license:apache-2.0,Apache-2.0,https://spdx.org/licenses/Apache-2.0,3,12,apache-2.0_24.RULE,apache-2.0,[u'apache-2.0'],False,True,False,False,2-aho,78,78,100.00,100.00,,,
/s3transfer-0.1.13.tar.gz-extract/s3transfer-0.1.13/tests/unit/test_futures.py,,,,,,,,,,,,,,,,,,,,,,,,,,,,,,,,,,,,,,1,1,,,,,,,,,,,,,,"Copyright 2016 Amazon.com, Inc.",
/s3transfer-0.1.13.tar.gz-extract/s3transfer-0.1.13/tests/unit/test_futures.py,,,,,,,,,,,,,,,,,,,,,,,,,,,,,,,,,,,,,,1,1,,,,,,,,,,,,,,,"Amazon.com, Inc."
/s3transfer-0.1.13.tar.gz-extract/s3transfer-0.1.13/tests/unit/test_manager.py,file,test_manager.py,test_manager,.py,5757,2018-02-14,0565d8533f0a4a92fdae508b71c27d1b6bec738f,1cfcb60c6a321d8e9f12ef3493c93845,text/x-python,"Python script, ASCII text executable",Python,False,True,False,False,True,True,False,False,False,False,0,0,0,,,,,,,,,,,,,,,,,,,,,,,,,,,,,,
/s3transfer-0.1.13.tar.gz-extract/s3transfer-0.1.13/tests/unit/test_manager.py,,,,,,,,,,,,,,,,,,,,,,,,,,apache-2.0,100.00,Apache License 2.0,Apache 2.0,Permissive,False,Apache Software Foundation,http://www.apache.org/licenses/,http://www.apache.org/licenses/LICENSE-2.0,https://enterprise.dejacode.com/urn/urn:dje:license:apache-2.0,Apache-2.0,https://spdx.org/licenses/Apache-2.0,3,12,apache-2.0_24.RULE,apache-2.0,[u'apache-2.0'],False,True,False,False,2-aho,78,78,100.00,100.00,,,
/s3transfer-0.1.13.tar.gz-extract/s3transfer-0.1.13/tests/unit/test_manager.py,,,,,,,,,,,,,,,,,,,,,,,,,,,,,,,,,,,,,,1,1,,,,,,,,,,,,,,"Copyright 2016 Amazon.com, Inc.",
/s3transfer-0.1.13.tar.gz-extract/s3transfer-0.1.13/tests/unit/test_manager.py,,,,,,,,,,,,,,,,,,,,,,,,,,,,,,,,,,,,,,1,1,,,,,,,,,,,,,,,"Amazon.com, Inc."
/s3transfer-0.1.13.tar.gz-extract/s3transfer-0.1.13/tests/unit/test_s3transfer.py,file,test_s3transfer.py,test_s3transfer,.py,29568,2018-02-14,a756fbfd7009df598678669027e4209f2178b5f5,f3ef776cc866d8245df821e3d246fedb,text/x-python,"Python script, ASCII text executable",Python,False,True,False,False,True,True,False,False,False,False,0,0,0,,,,,,,,,,,,,,,,,,,,,,,,,,,,,,
/s3transfer-0.1.13.tar.gz-extract/s3transfer-0.1.13/tests/unit/test_s3transfer.py,,,,,,,,,,,,,,,,,,,,,,,,,,apache-2.0,100.00,Apache License 2.0,Apache 2.0,Permissive,False,Apache Software Foundation,http://www.apache.org/licenses/,http://www.apache.org/licenses/LICENSE-2.0,https://enterprise.dejacode.com/urn/urn:dje:license:apache-2.0,Apache-2.0,https://spdx.org/licenses/Apache-2.0,3,12,apache-2.0_24.RULE,apache-2.0,[u'apache-2.0'],False,True,False,False,2-aho,78,78,100.00,100.00,,,
/s3transfer-0.1.13.tar.gz-extract/s3transfer-0.1.13/tests/unit/test_s3transfer.py,,,,,,,,,,,,,,,,,,,,,,,,,,,,,,,,,,,,,,1,1,,,,,,,,,,,,,,"Copyright 2016 Amazon.com, Inc.",
/s3transfer-0.1.13.tar.gz-extract/s3transfer-0.1.13/tests/unit/test_s3transfer.py,,,,,,,,,,,,,,,,,,,,,,,,,,,,,,,,,,,,,,1,1,,,,,,,,,,,,,,,"Amazon.com, Inc."
/s3transfer-0.1.13.tar.gz-extract/s3transfer-0.1.13/tests/unit/test_subscribers.py,file,test_subscribers.py,test_subscribers,.py,3175,2018-02-14,cc00e752796f2c4fcdd42b2de5969da1dbbd8f35,d6dfdc9ee5088c2e07af0134366783e1,text/x-python,"Python script, ASCII text executable",Python,False,True,False,False,True,True,False,False,False,False,0,0,0,,,,,,,,,,,,,,,,,,,,,,,,,,,,,,
/s3transfer-0.1.13.tar.gz-extract/s3transfer-0.1.13/tests/unit/test_subscribers.py,,,,,,,,,,,,,,,,,,,,,,,,,,apache-2.0,100.00,Apache License 2.0,Apache 2.0,Permissive,False,Apache Software Foundation,http://www.apache.org/licenses/,http://www.apache.org/licenses/LICENSE-2.0,https://enterprise.dejacode.com/urn/urn:dje:license:apache-2.0,Apache-2.0,https://spdx.org/licenses/Apache-2.0,3,12,apache-2.0_24.RULE,apache-2.0,[u'apache-2.0'],False,True,False,False,2-aho,78,78,100.00,100.00,,,
/s3transfer-0.1.13.tar.gz-extract/s3transfer-0.1.13/tests/unit/test_subscribers.py,,,,,,,,,,,,,,,,,,,,,,,,,,,,,,,,,,,,,,1,1,,,,,,,,,,,,,,"Copyright 2016 Amazon.com, Inc.",
/s3transfer-0.1.13.tar.gz-extract/s3transfer-0.1.13/tests/unit/test_subscribers.py,,,,,,,,,,,,,,,,,,,,,,,,,,,,,,,,,,,,,,1,1,,,,,,,,,,,,,,,"Amazon.com, Inc."
/s3transfer-0.1.13.tar.gz-extract/s3transfer-0.1.13/tests/unit/test_tasks.py,file,test_tasks.py,test_tasks,.py,30396,2018-02-14,ab9ece2fab17230b880e933efea262b501ca939f,8c882e41cc4afeca51f9d2184abd333e,text/x-python,"Python script, ASCII text executable",Python,False,True,False,False,True,True,False,False,False,False,0,0,0,,,,,,,,,,,,,,,,,,,,,,,,,,,,,,
/s3transfer-0.1.13.tar.gz-extract/s3transfer-0.1.13/tests/unit/test_tasks.py,,,,,,,,,,,,,,,,,,,,,,,,,,apache-2.0,100.00,Apache License 2.0,Apache 2.0,Permissive,False,Apache Software Foundation,http://www.apache.org/licenses/,http://www.apache.org/licenses/LICENSE-2.0,https://enterprise.dejacode.com/urn/urn:dje:license:apache-2.0,Apache-2.0,https://spdx.org/licenses/Apache-2.0,3,12,apache-2.0_24.RULE,apache-2.0,[u'apache-2.0'],False,True,False,False,2-aho,78,78,100.00,100.00,,,
/s3transfer-0.1.13.tar.gz-extract/s3transfer-0.1.13/tests/unit/test_tasks.py,,,,,,,,,,,,,,,,,,,,,,,,,,,,,,,,,,,,,,1,1,,,,,,,,,,,,,,"Copyright 2016 Amazon.com, Inc.",
/s3transfer-0.1.13.tar.gz-extract/s3transfer-0.1.13/tests/unit/test_tasks.py,,,,,,,,,,,,,,,,,,,,,,,,,,,,,,,,,,,,,,1,1,,,,,,,,,,,,,,,"Amazon.com, Inc."
/s3transfer-0.1.13.tar.gz-extract/s3transfer-0.1.13/tests/unit/test_upload.py,file,test_upload.py,test_upload,.py,26196,2018-02-14,65c7e1a65d673f4af63e35e20a95339b472bcc70,e9b4505001941d261f77e51cf69fd27a,text/x-python,"Python script, ASCII text executable",Python,False,True,False,False,True,True,False,False,False,False,0,0,0,,,,,,,,,,,,,,,,,,,,,,,,,,,,,,
/s3transfer-0.1.13.tar.gz-extract/s3transfer-0.1.13/tests/unit/test_upload.py,,,,,,,,,,,,,,,,,,,,,,,,,,apache-2.0,100.00,Apache License 2.0,Apache 2.0,Permissive,False,Apache Software Foundation,http://www.apache.org/licenses/,http://www.apache.org/licenses/LICENSE-2.0,https://enterprise.dejacode.com/urn/urn:dje:license:apache-2.0,Apache-2.0,https://spdx.org/licenses/Apache-2.0,3,12,apache-2.0_24.RULE,apache-2.0,[u'apache-2.0'],False,True,False,False,2-aho,78,78,100.00,100.00,,,
/s3transfer-0.1.13.tar.gz-extract/s3transfer-0.1.13/tests/unit/test_upload.py,,,,,,,,,,,,,,,,,,,,,,,,,,,,,,,,,,,,,,1,1,,,,,,,,,,,,,,"Copyright 2016 Amazon.com, Inc.",
/s3transfer-0.1.13.tar.gz-extract/s3transfer-0.1.13/tests/unit/test_upload.py,,,,,,,,,,,,,,,,,,,,,,,,,,,,,,,,,,,,,,1,1,,,,,,,,,,,,,,,"Amazon.com, Inc."
/s3transfer-0.1.13.tar.gz-extract/s3transfer-0.1.13/tests/unit/test_utils.py,file,test_utils.py,test_utils,.py,33888,2018-02-14,954d8042a621934204aba79fd83277fc9275c634,7c6a60b8819f5b09e54ec3601012133c,text/x-python,"Python script, ASCII text executable",Python,False,True,False,False,True,True,False,False,False,False,0,0,0,,,,,,,,,,,,,,,,,,,,,,,,,,,,,,
/s3transfer-0.1.13.tar.gz-extract/s3transfer-0.1.13/tests/unit/test_utils.py,,,,,,,,,,,,,,,,,,,,,,,,,,apache-2.0,100.00,Apache License 2.0,Apache 2.0,Permissive,False,Apache Software Foundation,http://www.apache.org/licenses/,http://www.apache.org/licenses/LICENSE-2.0,https://enterprise.dejacode.com/urn/urn:dje:license:apache-2.0,Apache-2.0,https://spdx.org/licenses/Apache-2.0,3,12,apache-2.0_24.RULE,apache-2.0,[u'apache-2.0'],False,True,False,False,2-aho,78,78,100.00,100.00,,,
/s3transfer-0.1.13.tar.gz-extract/s3transfer-0.1.13/tests/unit/test_utils.py,,,,,,,,,,,,,,,,,,,,,,,,,,,,,,,,,,,,,,1,1,,,,,,,,,,,,,,"Copyright 2016 Amazon.com, Inc.",
/s3transfer-0.1.13.tar.gz-extract/s3transfer-0.1.13/tests/unit/test_utils.py,,,,,,,,,,,,,,,,,,,,,,,,,,,,,,,,,,,,,,1,1,,,,,,,,,,,,,,,"Amazon.com, Inc."
