Resource,type,name,base_name,extension,size,date,sha1,md5,mime_type,file_type,programming_language,is_binary,is_text,is_archive,is_media,is_source,is_script,is_legal,is_manifest,is_readme,is_top_level,files_count,dirs_count,size_count,scan_errors,license__key,license__score,license__name,license__short_name,license__category,license__is_exception,license__owner,license__homepage_url,license__text_url,license__reference_url,license__spdx_license_key,license__spdx_url,matched_rule__identifier,matched_rule__license_expression,matched_rule__licenses,matched_rule__is_license_text,matched_rule__is_license_notice,matched_rule__is_license_reference,matched_rule__is_license_tag,matched_rule__matcher,matched_rule__rule_length,matched_rule__matched_length,matched_rule__match_coverage,matched_rule__rule_relevance,author,start_line,end_line,copyright,copyright_holder
/fs-extra-7.0.0.tgz-extract/,directory,fs-extra-7.0.0.tgz-extract,fs-extra-7.0.0.tgz-extract,,0,,,,,,,False,False,False,False,False,False,False,False,False,True,60,16,148793,,,,,,,,,,,,,,,,,,,,,,,,,,,,,,
/fs-extra-7.0.0.tgz-extract/package/,directory,package,package,,0,,,,,,,False,False,False,False,False,False,False,False,False,True,60,15,148793,,,,,,,,,,,,,,,,,,,,,,,,,,,,,,
/fs-extra-7.0.0.tgz-extract/package/CHANGELOG.md,file,CHANGELOG.md,CHANGELOG,.md,60898,2018-07-17,ba9e97e78a9133b66e5ff62fa363a6304fb4a8ce,644ea22441d48c2f64ef0e9d8cfd1639,text/plain,"UTF-8 Unicode text, with very long lines",,False,True,False,False,False,False,False,False,False,True,0,0,0,,,,,,,,,,,,,,,,,,,,,,,,,,,,,,
/fs-extra-7.0.0.tgz-extract/package/CHANGELOG.md,,,,,,,,,,,,,,,,,,,,,,,,,,,,,,,,,,,,,,,,,,,,,,,,,,2017. - BREAKING Remove,141,141,,
/fs-extra-7.0.0.tgz-extract/package/LICENSE,file,LICENSE,LICENSE,,1084,2018-01-10,dd164bc611bca7ba8ead40ec4c2851081e5a16b9,ea817882455c03503f7d014a8f54f095,text/plain,ASCII text,,False,True,False,False,False,False,True,False,False,True,0,0,0,,,,,,,,,,,,,,,,,,,,,,,,,,,,,,
/fs-extra-7.0.0.tgz-extract/package/LICENSE,,,,,,,,,,,,,,,,,,,,,,,,,,mit,97.66,MIT License,MIT License,Permissive,False,MIT,http://opensource.org/licenses/mit-license.php,http://opensource.org/licenses/mit-license.php,https://enterprise.dejacode.com/urn/urn:dje:license:mit,MIT,https://spdx.org/licenses/MIT,mit_160.RULE,mit,[u'mit'],True,False,False,False,3-seq,167,167,100.00,100.00,,1,15,,
/fs-extra-7.0.0.tgz-extract/package/LICENSE,,,,,,,,,,,,,,,,,,,,,,,,,,,,,,,,,,,,,,,,,,,,,,,,,,,3,3,Copyright (c) 2011-2017 JP Richardson,
/fs-extra-7.0.0.tgz-extract/package/LICENSE,,,,,,,,,,,,,,,,,,,,,,,,,,,,,,,,,,,,,,,,,,,,,,,,,,,3,3,,JP Richardson
/fs-extra-7.0.0.tgz-extract/package/package.json,file,package.json,package,.json,1679,2018-07-17,f1136ccdab8ab095b4ae5c9bab6c3fff477ab928,fe3a9123037aa4ec57bb299c4d6fbd63,text/plain,ASCII text,,False,True,False,False,False,False,False,True,False,True,0,0,0,,,,,,,,,,,,,,,,,,,,,,,,,,,,,,
/fs-extra-7.0.0.tgz-extract/package/package.json,,,,,,,,,,,,,,,,,,,,,,,,,,mit,99.00,MIT License,MIT License,Permissive,False,MIT,http://opensource.org/licenses/mit-license.php,http://opensource.org/licenses/mit-license.php,https://enterprise.dejacode.com/urn/urn:dje:license:mit,MIT,https://spdx.org/licenses/MIT,mit_34.RULE,mit,[u'mit'],False,False,False,True,2-aho,2,2,100.00,99.00,,37,37,,
/fs-extra-7.0.0.tgz-extract/package/README.md,file,README.md,README,.md,9774,2018-07-17,a07e4b82b558a8b6e5b07789ae78fdf2c5b46d31,19fd3e233602a3cc0da93bd2dd324507,text/plain,"ASCII text, with very long lines",Objective-C,False,True,False,False,False,False,False,False,True,True,0,0,0,,,,,,,,,,,,,,,,,,,,,,,,,,,,,,
/fs-extra-7.0.0.tgz-extract/package/README.md,,,,,,,,,,,,,,,,,,,,,,,,,,mit,17.00,MIT License,MIT License,Permissive,False,MIT,http://opensource.org/licenses/mit-license.php,http://opensource.org/licenses/mit-license.php,https://enterprise.dejacode.com/urn/urn:dje:license:mit,MIT,https://spdx.org/licenses/MIT,mit_172.RULE,mit,[u'mit'],False,False,True,False,2-aho,3,3,100.00,17.00,,254,254,,
/fs-extra-7.0.0.tgz-extract/package/README.md,,,,,,,,,,,,,,,,,,,,,,,,,,,,,,,,,,,,,,,,,,,,,,,,,,,256,256,Copyright (c) 2011-2017 JP Richardson (https://github.com/jprichardson),
/fs-extra-7.0.0.tgz-extract/package/README.md,,,,,,,,,,,,,,,,,,,,,,,,,,,,,,,,,,,,,,,,,,,,,,,,,,,256,256,,JP Richardson
/fs-extra-7.0.0.tgz-extract/package/docs/,directory,docs,docs,,0,,,,,,,False,False,False,False,False,False,False,False,False,True,27,0,25096,,,,,,,,,,,,,,,,,,,,,,,,,,,,,,
/fs-extra-7.0.0.tgz-extract/package/docs/copy-sync.md,file,copy-sync.md,copy-sync,.md,1704,2018-05-01,6056ca7c02e8a566a5becb8cfc2ff706dbcf1208,4df96e1b92f42af1177e07c6adcc043e,text/plain,ASCII text,,False,True,False,False,False,False,False,False,False,False,0,0,0,,,,,,,,,,,,,,,,,,,,,,,,,,,,,,
/fs-extra-7.0.0.tgz-extract/package/docs/copy.md,file,copy.md,copy,.md,2411,2018-05-01,c6334b7a23ecc6f9227b389e255d5c68c9872115,8c1da3cd490042d81be782b50dbd643e,text/plain,ASCII text,,False,True,False,False,False,False,False,False,False,False,0,0,0,,,,,,,,,,,,,,,,,,,,,,,,,,,,,,
/fs-extra-7.0.0.tgz-extract/package/docs/emptyDir-sync.md,file,emptyDir-sync.md,emptyDir-sync,.md,393,2018-01-10,8c6ef80af2205799a0cdf8de2f166c6f3bc277e9,3596edd4b7a2612e61e7633c9155dada,text/plain,ASCII text,,False,True,False,False,False,False,False,False,False,False,0,0,0,,,,,,,,,,,,,,,,,,,,,,,,,,,,,,
/fs-extra-7.0.0.tgz-extract/package/docs/emptyDir.md,file,emptyDir.md,emptyDir,.md,829,2018-01-10,8c9efdf6b4a5b9b54a8d09b0e2ed98dd18f18973,c205e7ce89abe2dea4a7e5002eeed851,text/plain,ASCII text,,False,True,False,False,False,False,False,False,False,False,0,0,0,,,,,,,,,,,,,,,,,,,,,,,,,,,,,,
/fs-extra-7.0.0.tgz-extract/package/docs/ensureDir-sync.md,file,ensureDir-sync.md,ensureDir-sync,.md,394,2018-01-10,4dfde722cc8a37e4da5752ab2994ab14bcef138c,155c852760b16e5ce6c4fb65ea93536a,text/plain,ASCII text,,False,True,False,False,False,False,False,False,False,False,0,0,0,,,,,,,,,,,,,,,,,,,,,,,,,,,,,,
/fs-extra-7.0.0.tgz-extract/package/docs/ensureDir.md,file,ensureDir.md,ensureDir,.md,791,2018-01-10,b8186a018849b42da551bc6a31f6ef157289a88e,5c2add3cc939b3e6be80150b4e05b715,text/plain,ASCII text,,False,True,False,False,False,False,False,False,False,False,0,0,0,,,,,,,,,,,,,,,,,,,,,,,,,,,,,,
/fs-extra-7.0.0.tgz-extract/package/docs/ensureFile-sync.md,file,ensureFile-sync.md,ensureFile-sync,.md,480,2018-01-10,80144597f7b2031cf40df66df1f560c7d37754fa,d9b5ddd5efa4963fffaf0cb3d2e95c38,text/plain,ASCII text,,False,True,False,False,False,False,False,False,False,False,0,0,0,,,,,,,,,,,,,,,,,,,,,,,,,,,,,,
/fs-extra-7.0.0.tgz-extract/package/docs/ensureFile.md,file,ensureFile.md,ensureFile,.md,869,2018-01-10,4629e32f12380d17ea67448f4ca92837bc4241d2,0b0b78785efe7b385c03bcfdf7ce99e0,text/plain,ASCII text,,False,True,False,False,False,False,False,False,False,False,0,0,0,,,,,,,,,,,,,,,,,,,,,,,,,,,,,,
/fs-extra-7.0.0.tgz-extract/package/docs/ensureLink-sync.md,file,ensureLink-sync.md,ensureLink-sync,.md,428,2018-01-10,eb557b6b2f97343a63582161272350784ac951f3,825f25d86978856940931600a4238e6c,text/plain,ASCII text,,False,True,False,False,False,False,False,False,False,False,0,0,0,,,,,,,,,,,,,,,,,,,,,,,,,,,,,,
/fs-extra-7.0.0.tgz-extract/package/docs/ensureLink.md,file,ensureLink.md,ensureLink,.md,861,2018-01-10,b1ef0c90c2a2322d3e303e85048b3b2098bd3297,49afa4f8673021168750b6707b0ae6ee,text/plain,ASCII text,,False,True,False,False,False,False,False,False,False,False,0,0,0,,,,,,,,,,,,,,,,,,,,,,,,,,,,,,
/fs-extra-7.0.0.tgz-extract/package/docs/ensureSymlink-sync.md,file,ensureSymlink-sync.md,ensureSymlink-sync,.md,468,2018-01-10,7092831d357c2fb559f66853d0dfb11d9b7cc2a4,20184068651dd010211d0c3a4c4f1d9d,text/plain,ASCII text,,False,True,False,False,False,False,False,False,False,False,0,0,0,,,,,,,,,,,,,,,,,,,,,,,,,,,,,,
/fs-extra-7.0.0.tgz-extract/package/docs/ensureSymlink.md,file,ensureSymlink.md,ensureSymlink,.md,905,2018-01-10,15a5cd2e5f488ade7605caa8346cb28ed503506b,8d20e8faccafc37a60b9c54bef9fa555,text/plain,ASCII text,,False,True,False,False,False,False,False,False,False,False,0,0,0,,,,,,,,,,,,,,,,,,,,,,,,,,,,,,
/fs-extra-7.0.0.tgz-extract/package/docs/fs-read-write.md,file,fs-read-write.md,fs-read-write,.md,1379,2018-01-10,f319bced2f993932cf4b108162ac93cb45f5f9f3,d1e3f36b376606f2d29c088a8c75bbb0,text/plain,"ASCII text, with very long lines",,False,True,False,False,False,False,False,False,False,False,0,0,0,,,,,,,,,,,,,,,,,,,,,,,,,,,,,,
/fs-extra-7.0.0.tgz-extract/package/docs/move-sync.md,file,move-sync.md,move-sync,.md,511,2018-01-10,8ffc2c9e9d2c36cf28f78b1731e867d3350b7087,bc509220f4ce344d900ea1b9136ebfc5,text/plain,ASCII text,,False,True,False,False,False,False,False,False,False,False,0,0,0,,,,,,,,,,,,,,,,,,,,,,,,,,,,,,
/fs-extra-7.0.0.tgz-extract/package/docs/move.md,file,move.md,move,.md,1095,2018-01-10,ed2eabcb9f61f0f4524095be8fab03549318b444,609e77f33c4da2193c6e51d852ae4a1c,text/plain,ASCII text,,False,True,False,False,False,False,False,False,False,False,0,0,0,,,,,,,,,,,,,,,,,,,,,,,,,,,,,,
/fs-extra-7.0.0.tgz-extract/package/docs/outputFile-sync.md,file,outputFile-sync.md,outputFile-sync,.md,729,2018-01-10,1a95a772c1905a6defa819fe02346512d799b723,fe1c4986c2f21a8900eece0bbec3595d,text/plain,"ASCII text, with very long lines",,False,True,False,False,False,False,False,False,False,False,0,0,0,,,,,,,,,,,,,,,,,,,,,,,,,,,,,,
/fs-extra-7.0.0.tgz-extract/package/docs/outputFile.md,file,outputFile.md,outputFile,.md,1288,2018-01-10,6eebfe333329e8bb36fd4dc90b2a7c41599b8f8e,4058dca28beae71ee4e51c9d01558504,text/plain,"ASCII text, with very long lines",,False,True,False,False,False,False,False,False,False,False,0,0,0,,,,,,,,,,,,,,,,,,,,,,,,,,,,,,
/fs-extra-7.0.0.tgz-extract/package/docs/outputJson-sync.md,file,outputJson-sync.md,outputJson-sync,.md,1077,2018-01-10,48a15075d121bc802f17f151288fb81dd926bc0f,36b89e3e73d5912929fe2233e8eeaa77,text/plain,ASCII text,Objective-C,False,True,False,False,False,False,False,False,False,False,0,0,0,,,,,,,,,,,,,,,,,,,,,,,,,,,,,,
/fs-extra-7.0.0.tgz-extract/package/docs/outputJson.md,file,outputJson.md,outputJson,.md,1621,2018-01-10,28bebc24a90ab00e2b235cebaea1d628cf3035b9,619b67a3439e68e232bb7a3b9fb228c5,text/plain,ASCII text,Objective-C,False,True,False,False,False,False,False,False,False,False,0,0,0,,,,,,,,,,,,,,,,,,,,,,,,,,,,,,
/fs-extra-7.0.0.tgz-extract/package/docs/pathExists-sync.md,file,pathExists-sync.md,pathExists-sync,.md,174,2018-01-10,1111f4c6d2e039fdba3943062d3437933bfae57b,b23aa3ac768283d42e5a90372ab370ad,text/plain,ASCII text,,False,True,False,False,False,False,False,False,False,False,0,0,0,,,,,,,,,,,,,,,,,,,,,,,,,,,,,,
/fs-extra-7.0.0.tgz-extract/package/docs/pathExists.md,file,pathExists.md,pathExists,.md,789,2018-01-10,891920c2e105ecf9f93d7f78a4a34d23fc5f122f,931d047d0bed88efbcccedd79fd25142,text/plain,ASCII text,,False,True,False,False,False,False,False,False,False,False,0,0,0,,,,,,,,,,,,,,,,,,,,,,,,,,,,,,
/fs-extra-7.0.0.tgz-extract/package/docs/readJson-sync.md,file,readJson-sync.md,readJson-sync,.md,797,2018-01-10,863c479a18ccf8ef7775d65a5c9145dac43d9f89,3216ece62aeefadd0cd3c2084a5fd8f0,text/plain,ASCII text,,False,True,False,False,False,False,False,False,False,False,0,0,0,,,,,,,,,,,,,,,,,,,,,,,,,,,,,,
/fs-extra-7.0.0.tgz-extract/package/docs/readJson.md,file,readJson.md,readJson,.md,1629,2018-01-10,97dcf7d4743c3983481a0ba438fc3433e7e5b9b4,97cb208b4e6aed8d40d72eee25446983,text/plain,ASCII text,,False,True,False,False,False,False,False,False,False,False,0,0,0,,,,,,,,,,,,,,,,,,,,,,,,,,,,,,
/fs-extra-7.0.0.tgz-extract/package/docs/remove-sync.md,file,remove-sync.md,remove-sync,.md,299,2018-01-10,61d1704626930bd4c15e54296880e45480a84e62,daa82af60c5556de6d10b0180566bfa9,text/plain,ASCII text,,False,True,False,False,False,False,False,False,False,False,0,0,0,,,,,,,,,,,,,,,,,,,,,,,,,,,,,,
/fs-extra-7.0.0.tgz-extract/package/docs/remove.md,file,remove.md,remove,.md,812,2018-01-10,7d0b4c7070e39c24d3b588c7876d18ca4be390b9,862abe57c8d71abb6d57e835942abcc8,text/plain,ASCII text,,False,True,False,False,False,False,False,False,False,False,0,0,0,,,,,,,,,,,,,,,,,,,,,,,,,,,,,,
/fs-extra-7.0.0.tgz-extract/package/docs/writeJson-sync.md,file,writeJson-sync.md,writeJson-sync,.md,946,2018-01-10,5648d832f0ac441739271012b6e03a1e6271503c,195d1f258d4746f75828d9e336ea718e,text/plain,ASCII text,Objective-C,False,True,False,False,False,False,False,False,False,False,0,0,0,,,,,,,,,,,,,,,,,,,,,,,,,,,,,,
/fs-extra-7.0.0.tgz-extract/package/docs/writeJson.md,file,writeJson.md,writeJson,.md,1417,2018-01-10,f8eab167ff3c8cfa8678ffdbc6c54d85cef24083,fd23153b5d724683d02b327ede3362fe,text/plain,ASCII text,Objective-C,False,True,False,False,False,False,False,False,False,False,0,0,0,,,,,,,,,,,,,,,,,,,,,,,,,,,,,,
/fs-extra-7.0.0.tgz-extract/package/lib/,directory,lib,lib,,0,,,,,,,False,False,False,False,False,False,False,False,False,True,29,13,50262,,,,,,,,,,,,,,,,,,,,,,,,,,,,,,
/fs-extra-7.0.0.tgz-extract/package/lib/index.js,file,index.js,index,.js,702,2018-05-09,870c3b855b53846077900e0f5167c6b4a772ea77,0cc82b2327e4c352152ea627789b9c9f,text/plain,ASCII text,JavaScript,False,True,False,False,True,False,False,False,False,False,0,0,0,,,,,,,,,,,,,,,,,,,,,,,,,,,,,,
/fs-extra-7.0.0.tgz-extract/package/lib/copy/,directory,copy,copy,,0,,,,,,,False,False,False,False,False,False,False,False,False,False,2,0,8107,,,,,,,,,,,,,,,,,,,,,,,,,,,,,,
/fs-extra-7.0.0.tgz-extract/package/lib/copy/copy.js,file,copy.js,copy,.js,7996,2018-07-17,3c5fac66f01b176cd41c710b729a459aa39a35dc,da9dd9138e980e656d13c9da63fc1a19,text/plain,ASCII text,JavaScript,False,True,False,False,True,False,False,False,False,False,0,0,0,,,,,,,,,,,,,,,,,,,,,,,,,,,,,,
/fs-extra-7.0.0.tgz-extract/package/lib/copy/index.js,file,index.js,index,.js,111,2018-05-01,f685df7a46989c967bf917a5632a587298e22e40,562ca7a595a7b1b7270f140c32689ac2,text/plain,ASCII text,JavaScript,False,True,False,False,True,False,False,False,False,False,0,0,0,,,,,,,,,,,,,,,,,,,,,,,,,,,,,,
/fs-extra-7.0.0.tgz-extract/package/lib/copy-sync/,directory,copy-sync,copy-sync,,0,,,,,,,False,False,False,False,False,False,False,False,False,False,2,0,6233,,,,,,,,,,,,,,,,,,,,,,,,,,,,,,
/fs-extra-7.0.0.tgz-extract/package/lib/copy-sync/copy-sync.js,file,copy-sync.js,copy-sync,.js,6163,2018-07-17,cfa93ece39f3d7260b3866448042b738e2c18353,f59684d1eafe20b184b7a6972fe86cb7,text/plain,ASCII text,JavaScript,False,True,False,False,True,False,False,False,False,False,0,0,0,,,,,,,,,,,,,,,,,,,,,,,,,,,,,,
/fs-extra-7.0.0.tgz-extract/package/lib/copy-sync/index.js,file,index.js,index,.js,70,2018-05-01,3cf1fca7a7d2c1aba4a508a38e31c344d7255108,95494fc7a02209518e070c5470727df1,text/plain,ASCII text,JavaScript,False,True,False,False,True,False,False,False,False,False,0,0,0,,,,,,,,,,,,,,,,,,,,,,,,,,,,,,
/fs-extra-7.0.0.tgz-extract/package/lib/empty/,directory,empty,empty,,0,,,,,,,False,False,False,False,False,False,False,False,False,False,1,0,983,,,,,,,,,,,,,,,,,,,,,,,,,,,,,,
/fs-extra-7.0.0.tgz-extract/package/lib/empty/index.js,file,index.js,index,.js,983,2018-04-09,3143c66dc1971a843614d84b9d55d4ef7022db0f,e0e604acd7c9fa7b86da9d962f55f941,text/plain,ASCII text,JavaScript,False,True,False,False,True,False,False,False,False,False,0,0,0,,,,,,,,,,,,,,,,,,,,,,,,,,,,,,
/fs-extra-7.0.0.tgz-extract/package/lib/ensure/,directory,ensure,ensure,,0,,,,,,,False,False,False,False,False,False,False,False,False,False,6,0,9438,,,,,,,,,,,,,,,,,,,,,,,,,,,,,,
/fs-extra-7.0.0.tgz-extract/package/lib/ensure/file.js,file,file.js,file,.js,1105,2018-01-10,d32cef7ebed1fbcf2af72481690042bf10cfa641,64b5170e69a526a763550fa2ad46f6e7,text/plain,ASCII text,JavaScript,False,True,False,False,True,False,False,False,False,False,0,0,0,,,,,,,,,,,,,,,,,,,,,,,,,,,,,,
/fs-extra-7.0.0.tgz-extract/package/lib/ensure/index.js,file,index.js,index,.js,623,2018-01-10,68e93d6534353e9665f5d954de79edb27297b68f,27a43257b6009138ffaa8a7462ddba66,text/plain,ASCII text,JavaScript,False,True,False,False,True,False,False,False,False,False,0,0,0,,,,,,,,,,,,,,,,,,,,,,,,,,,,,,
/fs-extra-7.0.0.tgz-extract/package/lib/ensure/link.js,file,link.js,link,.js,1564,2018-05-01,87a056a34d6f9e0afcc150c235c6b972afc8cf7f,ff62149b525aef3fbfbd4accd2256aca,text/plain,ASCII text,JavaScript,False,True,False,False,True,False,False,False,False,False,0,0,0,,,,,,,,,,,,,,,,,,,,,,,,,,,,,,
/fs-extra-7.0.0.tgz-extract/package/lib/ensure/symlink-paths.js,file,symlink-paths.js,symlink-paths,.js,3398,2018-05-01,7235c0b4e3fa0d284084da7b4b885df961eba919,86ad967e6067f484e88d780cbb764bd1,text/plain,ASCII text,JavaScript,False,True,False,False,True,False,False,False,False,False,0,0,0,,,,,,,,,,,,,,,,,,,,,,,,,,,,,,
/fs-extra-7.0.0.tgz-extract/package/lib/ensure/symlink-type.js,file,symlink-type.js,symlink-type,.js,698,2018-01-10,a7303f6372ea7442c2750c3e1de89802c06e61b4,155e5c9621a19c25c4491e39807d56a5,text/plain,ASCII text,JavaScript,False,True,False,False,True,False,False,False,False,False,0,0,0,,,,,,,,,,,,,,,,,,,,,,,,,,,,,,
/fs-extra-7.0.0.tgz-extract/package/lib/ensure/symlink.js,file,symlink.js,symlink,.js,2050,2018-05-01,dfc14c66722e60dc6879221877aecf9481d96b91,f8f10d59b5a7630a949c716876003c3f,text/plain,ASCII text,JavaScript,False,True,False,False,True,False,False,False,False,False,0,0,0,,,,,,,,,,,,,,,,,,,,,,,,,,,,,,
/fs-extra-7.0.0.tgz-extract/package/lib/fs/,directory,fs,fs,,0,,,,,,,False,False,False,False,False,False,False,False,False,False,1,0,2647,,,,,,,,,,,,,,,,,,,,,,,,,,,,,,
/fs-extra-7.0.0.tgz-extract/package/lib/fs/index.js,file,index.js,index,.js,2647,2018-07-17,0ea8ed455464384995cdef9c33c2129621bb399f,8865a40ba442df76eab55b7c62a0908c,text/plain,ASCII text,JavaScript,False,True,False,False,True,False,False,False,False,False,0,0,0,,,,,,,,,,,,,,,,,,,,,,,,,,,,,,
/fs-extra-7.0.0.tgz-extract/package/lib/fs/index.js,,,,,,,,,,,,,,,,,,,,,,,,,,,,,,,,,,,,,,,,,,,,,,,,,,,3,3,Copyright (c) 2014-2016 Jonathan Ong me@jongleberry.com and Contributors,
/fs-extra-7.0.0.tgz-extract/package/lib/fs/index.js,,,,,,,,,,,,,,,,,,,,,,,,,,,,,,,,,,,,,,,,,,,,,,,,,,,3,3,,Jonathan Ong and Contributors
/fs-extra-7.0.0.tgz-extract/package/lib/json/,directory,json,json,,0,,,,,,,False,False,False,False,False,False,False,False,False,False,4,0,1832,,,,,,,,,,,,,,,,,,,,,,,,,,,,,,
/fs-extra-7.0.0.tgz-extract/package/lib/json/index.js,file,index.js,index,.js,509,2018-01-10,f538a10df9409e9d86f7425494c71a447b5eb03a,65c99247836f90e407100d7e5a5678f1,text/plain,ASCII text,JavaScript,False,True,False,False,True,False,False,False,False,False,0,0,0,,,,,,,,,,,,,,,,,,,,,,,,,,,,,,
/fs-extra-7.0.0.tgz-extract/package/lib/json/jsonfile.js,file,jsonfile.js,jsonfile,.js,291,2018-01-10,1297c067a16ad6bd438f7c6ab0a5da1a35036472,7d102112627165675ef82fa088f74a79,text/plain,ASCII text,JavaScript,False,True,False,False,True,False,False,False,False,False,0,0,0,,,,,,,,,,,,,,,,,,,,,,,,,,,,,,
/fs-extra-7.0.0.tgz-extract/package/lib/json/output-json-sync.js,file,output-json-sync.js,output-json-sync,.js,375,2018-01-10,f7493b6a58851fb7581145f9e552a3fdb9c58a3e,fb4f4c64e393e7c204005a5e584f4c0a,text/plain,ASCII text,JavaScript,False,True,False,False,True,False,False,False,False,False,0,0,0,,,,,,,,,,,,,,,,,,,,,,,,,,,,,,
/fs-extra-7.0.0.tgz-extract/package/lib/json/output-json.js,file,output-json.js,output-json,.js,657,2018-01-10,f5c69a2e7862acbfd3fcc3046df6cbc9b7228299,50bdcdd65fe055450aa2f6cc19b7091a,text/plain,ASCII text,JavaScript,False,True,False,False,True,False,False,False,False,False,0,0,0,,,,,,,,,,,,,,,,,,,,,,,,,,,,,,
/fs-extra-7.0.0.tgz-extract/package/lib/mkdirs/,directory,mkdirs,mkdirs,,0,,,,,,,False,False,False,False,False,False,False,False,False,False,4,0,3696,,,,,,,,,,,,,,,,,,,,,,,,,,,,,,
/fs-extra-7.0.0.tgz-extract/package/lib/mkdirs/index.js,file,index.js,index,.js,292,2018-05-01,75beff177d9331bfd48cd6a5f769bfd556f396a9,b21c30c24ba4c808b935714e3c56e5c6,text/plain,ASCII text,JavaScript,False,True,False,False,True,False,False,False,False,False,0,0,0,,,,,,,,,,,,,,,,,,,,,,,,,,,,,,
/fs-extra-7.0.0.tgz-extract/package/lib/mkdirs/mkdirs-sync.js,file,mkdirs-sync.js,mkdirs-sync,.js,1251,2018-05-01,e7fa2b447ce94afbabff8325bd297fce2cc3c790,33263b814c4860c2afa53fa62a6abd38,text/plain,ASCII text,JavaScript,False,True,False,False,True,False,False,False,False,False,0,0,0,,,,,,,,,,,,,,,,,,,,,,,,,,,,,,
/fs-extra-7.0.0.tgz-extract/package/lib/mkdirs/mkdirs.js,file,mkdirs.js,mkdirs,.js,1636,2018-04-09,6d9d5a662a7d1defd64be18ec7b21cc201b8b7bc,22bc944ac5bfd0fd7698a2138494e2d5,text/plain,ASCII text,JavaScript,False,True,False,False,True,False,False,False,False,False,0,0,0,,,,,,,,,,,,,,,,,,,,,,,,,,,,,,
/fs-extra-7.0.0.tgz-extract/package/lib/mkdirs/win32.js,file,win32.js,win32,.js,517,2018-01-10,58e782f3ffc3b048fc780ad54670e6e5d25abc5b,e448738ca3b525573489825507eb9417,text/plain,ASCII text,JavaScript,False,True,False,False,True,False,False,False,False,False,0,0,0,,,,,,,,,,,,,,,,,,,,,,,,,,,,,,
/fs-extra-7.0.0.tgz-extract/package/lib/move/,directory,move,move,,0,,,,,,,False,False,False,False,False,False,False,False,False,False,1,0,1969,,,,,,,,,,,,,,,,,,,,,,,,,,,,,,
/fs-extra-7.0.0.tgz-extract/package/lib/move/index.js,file,index.js,index,.js,1969,2018-05-01,03900fe6779b59cf0b223b2fb282ad3ad807b46d,68612de2d2d7565b6127c132648fa60a,text/plain,ASCII text,JavaScript,False,True,False,False,True,False,False,False,False,False,0,0,0,,,,,,,,,,,,,,,,,,,,,,,,,,,,,,
/fs-extra-7.0.0.tgz-extract/package/lib/move-sync/,directory,move-sync,move-sync,,0,,,,,,,False,False,False,False,False,False,False,False,False,False,1,0,3002,,,,,,,,,,,,,,,,,,,,,,,,,,,,,,
/fs-extra-7.0.0.tgz-extract/package/lib/move-sync/index.js,file,index.js,index,.js,3002,2018-04-06,d05d55c5ebed8bd275a4b43bf00a95fd40333601,7956385711df0bcf8c988bc164184eb3,text/plain,ASCII text,JavaScript,False,True,False,False,True,False,False,False,False,False,0,0,0,,,,,,,,,,,,,,,,,,,,,,,,,,,,,,
/fs-extra-7.0.0.tgz-extract/package/lib/output/,directory,output,output,,0,,,,,,,False,False,False,False,False,False,False,False,False,False,1,0,947,,,,,,,,,,,,,,,,,,,,,,,,,,,,,,
/fs-extra-7.0.0.tgz-extract/package/lib/output/index.js,file,index.js,index,.js,947,2018-05-01,1b0879db53a00bbfeddcfdc0c190901387bab7bd,b0adfc74c8e51ce2ab659bfc13752ed3,text/plain,ASCII text,JavaScript,False,True,False,False,True,False,False,False,False,False,0,0,0,,,,,,,,,,,,,,,,,,,,,,,,,,,,,,
/fs-extra-7.0.0.tgz-extract/package/lib/path-exists/,directory,path-exists,path-exists,,0,,,,,,,False,False,False,False,False,False,False,False,False,False,1,0,263,,,,,,,,,,,,,,,,,,,,,,,,,,,,,,
/fs-extra-7.0.0.tgz-extract/package/lib/path-exists/index.js,file,index.js,index,.js,263,2018-01-10,6e6491c1ab3389433d1b39a33b3ac8760649a2c8,dfb2813673ea5279a9aa7305e5fe33f3,text/plain,ASCII text,JavaScript,False,True,False,False,True,False,False,False,False,False,0,0,0,,,,,,,,,,,,,,,,,,,,,,,,,,,,,,
/fs-extra-7.0.0.tgz-extract/package/lib/remove/,directory,remove,remove,,0,,,,,,,False,False,False,False,False,False,False,False,False,False,2,0,7797,,,,,,,,,,,,,,,,,,,,,,,,,,,,,,
/fs-extra-7.0.0.tgz-extract/package/lib/remove/index.js,file,index.js,index,.js,165,2018-01-10,43a7630664db987ce37fc634b7474b6b9428ab4e,e8c6a5092ac319dec6888ff3686e1dd5,text/plain,ASCII text,JavaScript,False,True,False,False,True,False,False,False,False,False,0,0,0,,,,,,,,,,,,,,,,,,,,,,,,,,,,,,
/fs-extra-7.0.0.tgz-extract/package/lib/remove/rimraf.js,file,rimraf.js,rimraf,.js,7632,2018-05-01,e703847afa7506c726b8792fa5ecb6202d7572bb,473f180c2659df7ab4c587de0bf83c10,text/plain,ASCII text,JavaScript,False,True,False,False,True,False,False,False,False,False,0,0,0,,,,,,,,,,,,,,,,,,,,,,,,,,,,,,
/fs-extra-7.0.0.tgz-extract/package/lib/util/,directory,util,util,,0,,,,,,,False,False,False,False,False,False,False,False,False,False,2,0,2646,,,,,,,,,,,,,,,,,,,,,,,,,,,,,,
/fs-extra-7.0.0.tgz-extract/package/lib/util/buffer.js,file,buffer.js,buffer,.js,276,2018-05-01,d2bb78e5446d1606616eaac2c093270f127f5821,24d37a228c9e25a2b31f1e5d1c4395b2,text/plain,ASCII text,JavaScript,False,True,False,False,True,False,False,False,False,False,0,0,0,,,,,,,,,,,,,,,,,,,,,,,,,,,,,,
/fs-extra-7.0.0.tgz-extract/package/lib/util/utimes.js,file,utimes.js,utimes,.js,2370,2018-04-09,519c3dcfbd5d695328b4b0cf039dec4ccc820994,551e957f5fff4c9b64be6358b5292db7,text/plain,ASCII text,JavaScript,False,True,False,False,True,False,False,False,False,False,0,0,0,,,,,,,,,,,,,,,,,,,,,,,,,,,,,,
