Resource,type,name,base_name,extension,size,date,sha1,md5,mime_type,file_type,programming_language,is_binary,is_text,is_archive,is_media,is_source,is_script,is_legal,is_manifest,is_readme,is_top_level,files_count,dirs_count,size_count,scan_errors,license__key,license__score,license__name,license__short_name,license__category,license__is_exception,license__owner,license__homepage_url,license__text_url,license__reference_url,license__spdx_license_key,license__spdx_url,start_line,end_line,matched_rule__identifier,matched_rule__license_expression,matched_rule__licenses,matched_rule__is_license_text,matched_rule__is_license_notice,matched_rule__is_license_reference,matched_rule__is_license_tag,matched_rule__matcher,matched_rule__rule_length,matched_rule__matched_length,matched_rule__match_coverage,matched_rule__rule_relevance,copyright,copyright_holder,author
/rspec-core-3.8.0.gem-extract/,directory,rspec-core-3.8.0.gem-extract,rspec-core-3.8.0.gem-extract,,0,,,,,,,False,False,False,False,False,False,False,False,False,True,87,12,745527,,,,,,,,,,,,,,,,,,,,,,,,,,,,,,
/rspec-core-3.8.0.gem-extract/checksums.yaml.gz,file,checksums.yaml.gz,checksums.yaml,.gz,269,2018-08-04,b43623db9e5747e0b3a47d734119c540bfb6f8ce,38b11c4883e13362d4ea6bac8edb4df3,application/x-gzip,"gzip compressed data, last modified: Sat Aug 4 19:46:19 2018, max compression, from Unix",,True,False,True,False,False,False,False,False,False,True,0,0,0,,,,,,,,,,,,,,,,,,,,,,,,,,,,,,
/rspec-core-3.8.0.gem-extract/checksums.yaml.gz.sig,file,checksums.yaml.gz.sig,checksums.yaml.gz,.sig,512,2018-08-04,a2259cfddbc947bc8b00f1d93af61786cb86d92c,d1df8d1258d87dea24c8d195e95c121c,application/octet-stream,data,,True,False,False,False,False,False,False,False,False,True,0,0,0,,,,,,,,,,,,,,,,,,,,,,,,,,,,,,
/rspec-core-3.8.0.gem-extract/data.tar.gz,file,data.tar.gz,data,.tar.gz,149907,2018-08-04,58b9a780de52779ef48a2c510d99c14dd7a22f1d,fef0f41df69eefa56397c2bc7a9c5837,application/x-gzip,"gzip compressed data, last modified: Sat Aug 4 19:46:19 2018, max compression, from Unix",,True,False,True,False,False,False,False,False,False,True,0,0,0,,,,,,,,,,,,,,,,,,,,,,,,,,,,,,
/rspec-core-3.8.0.gem-extract/data.tar.gz.sig,file,data.tar.gz.sig,data.tar.gz,.sig,512,2018-08-04,0f956668fb4a5d4465e0e91e1a781bd0f03f9bc3,3f9bfa87a010151725f2f5599f025c02,application/octet-stream,data,,True,False,False,False,False,False,False,False,False,True,0,0,0,,,,,,,,,,,,,,,,,,,,,,,,,,,,,,
/rspec-core-3.8.0.gem-extract/metadata.gz,file,metadata.gz,metadata,.gz,2985,2018-08-04,01f0ed2875b8c4e0801d2857936e4a4116ceb309,fc9c29fdfa5e21e6bd13fbd2d5a39a6d,application/x-gzip,"gzip compressed data, last modified: Sat Aug 4 19:46:19 2018, max compression, from Unix",,True,False,True,False,False,False,False,False,False,True,0,0,0,,,,,,,,,,,,,,,,,,,,,,,,,,,,,,
/rspec-core-3.8.0.gem-extract/metadata.gz.sig,file,metadata.gz.sig,metadata.gz,.sig,512,2018-08-04,6ab1be762730c9010266e95446432feb1c816c56,c1d5abd8c7db90fa6116979605d12777,application/octet-stream,data,,True,False,False,False,False,False,False,False,False,True,0,0,0,,,,,,,,,,,,,,,,,,,,,,,,,,,,,,
/rspec-core-3.8.0.gem-extract/checksums.yaml.gz-extract/,directory,checksums.yaml.gz-extract,checksums.yaml.gz-extract,,0,,,,,,,False,False,False,False,False,False,False,False,False,True,1,0,418,,,,,,,,,,,,,,,,,,,,,,,,,,,,,,
/rspec-core-3.8.0.gem-extract/checksums.yaml.gz-extract/checksums.yaml.gz-extract,file,checksums.yaml.gz-extract,checksums.yaml,.gz-extract,418,2018-10-24,8a09f24b13c5a4b0d90610097837abdc396491dd,19f3aea9a4a3dd580f20a813a70690c9,text/plain,ASCII text,,False,True,False,False,False,False,False,False,False,False,0,0,0,,,,,,,,,,,,,,,,,,,,,,,,,,,,,,
/rspec-core-3.8.0.gem-extract/data.tar.gz-extract/,directory,data.tar.gz-extract,data.tar.gz-extract,,0,,,,,,,False,False,False,False,False,False,False,False,False,True,79,9,581070,,,,,,,,,,,,,,,,,,,,,,,,,,,,,,
/rspec-core-3.8.0.gem-extract/data.tar.gz-extract/.document,file,.document,.document,,48,2018-08-04,45ea7edcf870b07cf2b13915770d6a1838d5ab70,863fef7bc29e8b95ed200b73158a90d7,text/plain,ASCII text,,False,True,False,False,False,False,False,False,False,False,0,0,0,,,,,,,,,,,,,,,,,,,,,,,,,,,,,,
/rspec-core-3.8.0.gem-extract/data.tar.gz-extract/.yardopts,file,.yardopts,.yardopts,,111,2018-08-04,94dff00f1559ee93422bcb615da8147654902d40,9846c4552bcaa981e606eb14ccfdc88d,text/plain,ASCII text,,False,True,False,False,False,False,False,False,False,False,0,0,0,,,,,,,,,,,,,,,,,,,,,,,,,,,,,,
/rspec-core-3.8.0.gem-extract/data.tar.gz-extract/Changelog.md,file,Changelog.md,Changelog,.md,99979,2018-08-04,af2038d5df979a7999ce1c8e4ec1a2da1642879a,e757140e2d444f93c6d65e9dc865dc17,text/plain,UTF-8 Unicode text,Objective-C,False,True,False,False,False,False,False,False,False,False,0,0,0,,,,,,,,,,,,,,,,,,,,,,,,,,,,,,
/rspec-core-3.8.0.gem-extract/data.tar.gz-extract/LICENSE.md,file,LICENSE.md,LICENSE,.md,1285,2018-08-04,e36db55c75f8aa2419617eb3b9f531d383b7da7f,3a5e8c0f5c7198772d1cfaa59805376d,text/plain,UTF-8 Unicode text,,False,True,False,False,False,False,True,False,False,False,0,0,0,,,,,,,,,,,,,,,,,,,,,,,,,,,,,,
/rspec-core-3.8.0.gem-extract/data.tar.gz-extract/LICENSE.md,,,,,,,,,,,,,,,,,,,,,,,,,,mit,90.76,MIT License,MIT License,Permissive,False,MIT,http://opensource.org/licenses/mit-license.php,http://opensource.org/licenses/mit-license.php,https://enterprise.dejacode.com/urn/urn:dje:license:mit,MIT,https://spdx.org/licenses/MIT,1,26,mit_26.RULE,mit,[u'mit'],True,False,False,False,3-seq,167,167,100.00,100.00,,,
/rspec-core-3.8.0.gem-extract/data.tar.gz-extract/LICENSE.md,,,,,,,,,,,,,,,,,,,,,,,,,,,,,,,,,,,,,,4,4,,,,,,,,,,,,,"Copyright (c) 2012 Chad Humphries, David Chelimsky, Myron Marston",,
/rspec-core-3.8.0.gem-extract/data.tar.gz-extract/LICENSE.md,,,,,,,,,,,,,,,,,,,,,,,,,,,,,,,,,,,,,,4,4,,,,,,,,,,,,,"Copyright (c) 2009 Chad Humphries, David Chelimsky",,
/rspec-core-3.8.0.gem-extract/data.tar.gz-extract/LICENSE.md,,,,,,,,,,,,,,,,,,,,,,,,,,,,,,,,,,,,,,4,4,,,,,,,,,,,,,"Copyright (c) 2006 David Chelimsky, The RSpec Development Team",,
/rspec-core-3.8.0.gem-extract/data.tar.gz-extract/LICENSE.md,,,,,,,,,,,,,,,,,,,,,,,,,,,,,,,,,,,,,,4,4,,,,,,,,,,,,,Copyright (c) 2005 Steven Baker,,
/rspec-core-3.8.0.gem-extract/data.tar.gz-extract/LICENSE.md,,,,,,,,,,,,,,,,,,,,,,,,,,,,,,,,,,,,,,4,4,,,,,,,,,,,,,,"Chad Humphries, David Chelimsky, Myron Marston",
/rspec-core-3.8.0.gem-extract/data.tar.gz-extract/LICENSE.md,,,,,,,,,,,,,,,,,,,,,,,,,,,,,,,,,,,,,,4,4,,,,,,,,,,,,,,"Chad Humphries, David Chelimsky",
/rspec-core-3.8.0.gem-extract/data.tar.gz-extract/LICENSE.md,,,,,,,,,,,,,,,,,,,,,,,,,,,,,,,,,,,,,,4,4,,,,,,,,,,,,,,"David Chelimsky, The RSpec Development Team",
/rspec-core-3.8.0.gem-extract/data.tar.gz-extract/LICENSE.md,,,,,,,,,,,,,,,,,,,,,,,,,,,,,,,,,,,,,,4,4,,,,,,,,,,,,,,Steven Baker,
/rspec-core-3.8.0.gem-extract/data.tar.gz-extract/README.md,file,README.md,README,.md,10166,2018-08-04,3b4ce0cf7d4b83519ec837dbba021a6873a42198,5d260ce956c2bf879f68ecc93eb08c9e,text/x-ruby,"Ruby module source, ASCII text",Objective-C,False,True,False,False,False,False,False,False,True,False,0,0,0,,,,,,,,,,,,,,,,,,,,,,,,,,,,,,
/rspec-core-3.8.0.gem-extract/data.tar.gz-extract/exe/,directory,exe,exe,,0,,,,,,,False,False,False,False,False,False,False,False,False,False,1,0,69,,,,,,,,,,,,,,,,,,,,,,,,,,,,,,
/rspec-core-3.8.0.gem-extract/data.tar.gz-extract/exe/rspec,file,rspec,rspec,,69,2018-08-04,69a2b80d1142c623e3eaaf13efc7ea700970e95b,061cbcb774494cf0c60c33fe1e9cee45,text/plain,"a /usr/bin/env ruby script, ASCII text executable",Ruby,False,True,False,False,True,True,False,False,False,False,0,0,0,,,,,,,,,,,,,,,,,,,,,,,,,,,,,,
/rspec-core-3.8.0.gem-extract/data.tar.gz-extract/lib/,directory,lib,lib,,0,,,,,,,False,False,False,False,False,False,False,False,False,False,73,7,469412,,,,,,,,,,,,,,,,,,,,,,,,,,,,,,
/rspec-core-3.8.0.gem-extract/data.tar.gz-extract/lib/rspec/,directory,rspec,rspec,,0,,,,,,,False,False,False,False,False,False,False,False,False,False,73,6,469412,,,,,,,,,,,,,,,,,,,,,,,,,,,,,,
/rspec-core-3.8.0.gem-extract/data.tar.gz-extract/lib/rspec/autorun.rb,file,autorun.rb,autorun,.rb,87,2018-08-04,700767e08c38a6748e76ab6c02be37a5c2f0b1e1,fb2588c8f62359e802bf2ebc5cc427a7,text/plain,ASCII text,Ruby,False,True,False,False,True,False,False,False,False,False,0,0,0,,,,,,,,,,,,,,,,,,,,,,,,,,,,,,
/rspec-core-3.8.0.gem-extract/data.tar.gz-extract/lib/rspec/core.rb,file,core.rb,core,.rb,5366,2018-08-04,be0780fac8b7639aac372460bf8f27a71659fe87,50dce52c0ce94245a518f6cb8eb03e2f,text/x-ruby,"Ruby module source, ASCII text",Ruby,False,True,False,False,True,False,False,False,False,False,0,0,0,,,,,,,,,,,,,,,,,,,,,,,,,,,,,,
/rspec-core-3.8.0.gem-extract/data.tar.gz-extract/lib/rspec/core/,directory,core,core,,0,,,,,,,False,False,False,False,False,False,False,False,False,False,71,5,463959,,,,,,,,,,,,,,,,,,,,,,,,,,,,,,
/rspec-core-3.8.0.gem-extract/data.tar.gz-extract/lib/rspec/core/backtrace_formatter.rb,file,backtrace_formatter.rb,backtrace_formatter,.rb,2015,2018-08-04,9aa28d3996534eae5a8e59e3a74f1f2c73b77a02,9d9e4e8788bb281af0eb6003782626d6,text/x-ruby,"Ruby module source, ASCII text",Ruby,False,True,False,False,True,False,False,False,False,False,0,0,0,,,,,,,,,,,,,,,,,,,,,,,,,,,,,,
/rspec-core-3.8.0.gem-extract/data.tar.gz-extract/lib/rspec/core/configuration.rb,file,configuration.rb,configuration,.rb,83796,2018-08-04,847dc4a4a05e5b987737ce392f8535c02c2ac114,b245259b8e0aadbd6d78c862e4fb6446,text/x-ruby,"Ruby module source, ASCII text",Ruby,False,True,False,False,True,False,False,False,False,False,0,0,0,,,,,,,,,,,,,,,,,,,,,,,,,,,,,,
/rspec-core-3.8.0.gem-extract/data.tar.gz-extract/lib/rspec/core/configuration_options.rb,file,configuration_options.rb,configuration_options,.rb,7148,2018-08-04,b1aaa9bfc6b48234ae5c7b042696e8bbce0fb06d,32f4aa671a74e12e42a260bc6062eeaa,text/x-ruby,"Ruby module source, ASCII text",Ruby,False,True,False,False,True,False,False,False,False,False,0,0,0,,,,,,,,,,,,,,,,,,,,,,,,,,,,,,
/rspec-core-3.8.0.gem-extract/data.tar.gz-extract/lib/rspec/core/drb.rb,file,drb.rb,drb,.rb,3832,2018-08-04,8fdf662827b448b2ad03741e786732028b7f9e01,379dc4bd176944cc199a6a96bbcfec1d,text/x-ruby,"Ruby module source, ASCII text",Ruby,False,True,False,False,True,False,False,False,False,False,0,0,0,,,,,,,,,,,,,,,,,,,,,,,,,,,,,,
/rspec-core-3.8.0.gem-extract/data.tar.gz-extract/lib/rspec/core/dsl.rb,file,dsl.rb,dsl,.rb,2885,2018-08-04,7a38664cc36675f8d65af14dfb6ffa820df2514b,441282b4488cb6590e700d6a0d654750,text/x-ruby,"Ruby module source, ASCII text",Ruby,False,True,False,False,True,False,False,False,False,False,0,0,0,,,,,,,,,,,,,,,,,,,,,,,,,,,,,,
/rspec-core-3.8.0.gem-extract/data.tar.gz-extract/lib/rspec/core/example.rb,file,example.rb,example,.rb,23069,2018-08-04,b171f2cf9db37f275ed89d8c720027354f0001fb,e59a50012e84c601218acf3e0b00dfba,text/x-ruby,"Ruby module source, ASCII text",Ruby,False,True,False,False,True,False,False,False,False,False,0,0,0,,,,,,,,,,,,,,,,,,,,,,,,,,,,,,
/rspec-core-3.8.0.gem-extract/data.tar.gz-extract/lib/rspec/core/example_group.rb,file,example_group.rb,example_group,.rb,31833,2018-08-04,182232c76be01cb196a132734ae83aed7a3dee5c,2aed09406ce41ddd144346deba7bf490,text/x-ruby,"Ruby module source, ASCII text",Ruby,False,True,False,False,True,False,False,False,False,False,0,0,0,,,,,,,,,,,,,,,,,,,,,,,,,,,,,,
/rspec-core-3.8.0.gem-extract/data.tar.gz-extract/lib/rspec/core/example_status_persister.rb,file,example_status_persister.rb,example_status_persister,.rb,7359,2018-08-04,4604a70058925ff5663cbf0a5cfd79e65ad2d7ff,a5b58b321d32239edd619aa89f3b0085,text/x-ruby,"Ruby module source, ASCII text",Ruby,False,True,False,False,True,False,False,False,False,False,0,0,0,,,,,,,,,,,,,,,,,,,,,,,,,,,,,,
/rspec-core-3.8.0.gem-extract/data.tar.gz-extract/lib/rspec/core/filter_manager.rb,file,filter_manager.rb,filter_manager,.rb,6341,2018-08-04,dc50e7285740991297b6966ed88a30b1a257a908,a461c0d9d8b3e7960ddd95d03ab0ec38,text/x-ruby,"Ruby module source, ASCII text",Ruby,False,True,False,False,True,False,False,False,False,False,0,0,0,,,,,,,,,,,,,,,,,,,,,,,,,,,,,,
/rspec-core-3.8.0.gem-extract/data.tar.gz-extract/lib/rspec/core/flat_map.rb,file,flat_map.rb,flat_map,.rb,384,2018-08-04,864da221cc8517f055e0e6e5566cc14fd1011561,f49bcff6ac23bfc48f4938c470621bac,text/x-ruby,"Ruby module source, ASCII text",Ruby,False,True,False,False,True,False,False,False,False,False,0,0,0,,,,,,,,,,,,,,,,,,,,,,,,,,,,,,
/rspec-core-3.8.0.gem-extract/data.tar.gz-extract/lib/rspec/core/formatters.rb,file,formatters.rb,formatters,.rb,9478,2018-08-04,2d9d92255e6e4466335c6d03d0a7bf43e9c6f4e4,b6987895b6809fc8305b12ec0144d5f4,text/x-ruby,"Ruby module source, ASCII text",Ruby,False,True,False,False,True,False,False,False,False,False,0,0,0,,,,,,,,,,,,,,,,,,,,,,,,,,,,,,
/rspec-core-3.8.0.gem-extract/data.tar.gz-extract/lib/rspec/core/hooks.rb,file,hooks.rb,hooks,.rb,25121,2018-08-04,5ec2ee08aea48cb7c64869a0b2f420c74a078ff7,b167f032d9f51ef7b44be9852f31c301,text/x-ruby,"Ruby module source, ASCII text",Ruby,False,True,False,False,True,False,False,False,False,False,0,0,0,,,,,,,,,,,,,,,,,,,,,,,,,,,,,,
/rspec-core-3.8.0.gem-extract/data.tar.gz-extract/lib/rspec/core/invocations.rb,file,invocations.rb,invocations,.rb,2518,2018-08-04,6674369ddbfa042d28e1e8b25acdbc45412f9fc1,de9091e7c6396c1fe81c618a9f21b346,text/x-ruby,"Ruby module source, ASCII text",Ruby,False,True,False,False,True,False,False,False,False,False,0,0,0,,,,,,,,,,,,,,,,,,,,,,,,,,,,,,
/rspec-core-3.8.0.gem-extract/data.tar.gz-extract/lib/rspec/core/memoized_helpers.rb,file,memoized_helpers.rb,memoized_helpers,.rb,18104,2018-08-04,d4e3cd4beb4ca6eac4b06d64050ba4e767c88b6b,add18a5daa68ba377a4532fce47456f7,text/x-ruby,"Ruby module source, ASCII text",Ruby,False,True,False,False,True,False,False,False,False,False,0,0,0,,,,,,,,,,,,,,,,,,,,,,,,,,,,,,
/rspec-core-3.8.0.gem-extract/data.tar.gz-extract/lib/rspec/core/metadata.rb,file,metadata.rb,metadata,.rb,17475,2018-08-04,e7b1a8a2f145fc44860aa3042018320817f14d34,5ab3836c5e788dab92db52405a9f4642,text/x-ruby,"Ruby module source, ASCII text",Ruby,False,True,False,False,True,False,False,False,False,False,0,0,0,,,,,,,,,,,,,,,,,,,,,,,,,,,,,,
/rspec-core-3.8.0.gem-extract/data.tar.gz-extract/lib/rspec/core/metadata_filter.rb,file,metadata_filter.rb,metadata_filter,.rb,9848,2018-08-04,97e431216e38855e05907dd49fd96354e7ce055d,f3f158cc70b36b9d19824e6496ed78c8,text/x-ruby,"Ruby module source, ASCII text",Ruby,False,True,False,False,True,False,False,False,False,False,0,0,0,,,,,,,,,,,,,,,,,,,,,,,,,,,,,,
/rspec-core-3.8.0.gem-extract/data.tar.gz-extract/lib/rspec/core/minitest_assertions_adapter.rb,file,minitest_assertions_adapter.rb,minitest_assertions_adapter,.rb,1002,2018-08-04,e1a7b1ef133ae980e5bb7bcfa2cda953179f6de6,16d2bdfb4eaa71cabd9fc63015155288,text/x-ruby,"Ruby module source, ASCII text",Ruby,False,True,False,False,True,False,False,False,False,False,0,0,0,,,,,,,,,,,,,,,,,,,,,,,,,,,,,,
/rspec-core-3.8.0.gem-extract/data.tar.gz-extract/lib/rspec/core/notifications.rb,file,notifications.rb,notifications,.rb,19445,2018-08-04,5e4d454ca08a3b2edb091b867da86c2fae910e80,9f06ecbd9c14de1238d39c0f8a68b502,text/x-ruby,"Ruby module source, ASCII text",Ruby,False,True,False,False,True,False,False,False,False,False,0,0,0,,,,,,,,,,,,,,,,,,,,,,,,,,,,,,
/rspec-core-3.8.0.gem-extract/data.tar.gz-extract/lib/rspec/core/option_parser.rb,file,option_parser.rb,option_parser,.rb,11742,2018-08-04,3e84db77df85e09f38ed336bb3024e47b9fd51d6,cf0d0b3e97d497e64b4f310eb57cb298,text/x-ruby,"Ruby module source, ASCII text",Ruby,False,True,False,False,True,False,False,False,False,False,0,0,0,,,,,,,,,,,,,,,,,,,,,,,,,,,,,,
/rspec-core-3.8.0.gem-extract/data.tar.gz-extract/lib/rspec/core/ordering.rb,file,ordering.rb,ordering,.rb,4100,2018-08-04,6ffa79387f0bb2f2f3070a313983b63316b5f1ee,666ed0aa33e490c40cfc3ea09f5c21f8,text/x-ruby,"Ruby module source, ASCII text",Ruby,False,True,False,False,True,False,False,False,False,False,0,0,0,,,,,,,,,,,,,,,,,,,,,,,,,,,,,,
/rspec-core-3.8.0.gem-extract/data.tar.gz-extract/lib/rspec/core/output_wrapper.rb,file,output_wrapper.rb,output_wrapper,.rb,614,2018-08-04,2002aa4be6dbb12dc6043d76af10e7ae6dc6e634,bfe19f802ed45eb55524866ee50f5aa1,text/x-ruby,"Ruby module source, ASCII text",Ruby,False,True,False,False,True,False,False,False,False,False,0,0,0,,,,,,,,,,,,,,,,,,,,,,,,,,,,,,
/rspec-core-3.8.0.gem-extract/data.tar.gz-extract/lib/rspec/core/pending.rb,file,pending.rb,pending,.rb,5733,2018-08-04,cfda08f82edae89930a4029de7cd6858349d390f,517b7a5b79200b5f2b35d9a1225d1951,text/x-ruby,"Ruby module source, ASCII text",Ruby,False,True,False,False,True,False,False,False,False,False,0,0,0,,,,,,,,,,,,,,,,,,,,,,,,,,,,,,
/rspec-core-3.8.0.gem-extract/data.tar.gz-extract/lib/rspec/core/profiler.rb,file,profiler.rb,profiler,.rb,1002,2018-08-04,b10b2c496905521cc1f1c27b2771ba4c871722c3,bcfe35fc6be86628b2178c2940058120,text/x-ruby,"Ruby module source, ASCII text",Ruby,False,True,False,False,True,False,False,False,False,False,0,0,0,,,,,,,,,,,,,,,,,,,,,,,,,,,,,,
/rspec-core-3.8.0.gem-extract/data.tar.gz-extract/lib/rspec/core/project_initializer.rb,file,project_initializer.rb,project_initializer,.rb,1298,2018-08-04,2c099eb8b49f130f6fbb9bcc27aa99bc8cd2e679,94ced945584c9f667dc2c5b67c0406eb,text/x-ruby,"Ruby module source, ASCII text",Ruby,False,True,False,False,True,False,False,False,False,False,0,0,0,,,,,,,,,,,,,,,,,,,,,,,,,,,,,,
/rspec-core-3.8.0.gem-extract/data.tar.gz-extract/lib/rspec/core/rake_task.rb,file,rake_task.rb,rake_task,.rb,5502,2018-08-04,de330f49a7d66a6604cd8d72af9d3a527877e3f1,34c1c67e3bd4a3e9e6cd3c23939e6420,text/x-ruby,"Ruby module source, ASCII text",Ruby,False,True,False,False,True,False,False,False,False,False,0,0,0,,,,,,,,,,,,,,,,,,,,,,,,,,,,,,
/rspec-core-3.8.0.gem-extract/data.tar.gz-extract/lib/rspec/core/reporter.rb,file,reporter.rb,reporter,.rb,8354,2018-08-04,3a0e7ad545a06cc77b805e1887001f9856c7fca3,0d50c597aa95be952e3e941eb53968c2,text/x-ruby,"Ruby module source, ASCII text",Ruby,False,True,False,False,True,False,False,False,False,False,0,0,0,,,,,,,,,,,,,,,,,,,,,,,,,,,,,,
/rspec-core-3.8.0.gem-extract/data.tar.gz-extract/lib/rspec/core/ruby_project.rb,file,ruby_project.rb,ruby_project,.rb,1449,2018-08-04,82b4967667c3ec52f3fd0356871f8c0914ce90fb,0eeb5b02bbc4b85b38b6a3a53e93b57c,text/x-ruby,"Ruby module source, ASCII text",Ruby,False,True,False,False,True,False,False,False,False,False,0,0,0,,,,,,,,,,,,,,,,,,,,,,,,,,,,,,
/rspec-core-3.8.0.gem-extract/data.tar.gz-extract/lib/rspec/core/runner.rb,file,runner.rb,runner,.rb,6587,2018-08-04,724d25899653d23daa65eeb706621c0b59754f48,9025da5cb8a26f8cb963f8c9ff6d8019,text/x-ruby,"Ruby module source, ASCII text",Ruby,False,True,False,False,True,False,False,False,False,False,0,0,0,,,,,,,,,,,,,,,,,,,,,,,,,,,,,,
/rspec-core-3.8.0.gem-extract/data.tar.gz-extract/lib/rspec/core/sandbox.rb,file,sandbox.rb,sandbox,.rb,1262,2018-08-04,17144d681b8309b04960435adf5e8c24a59b7855,1d9c9cdb8155cf5b24e03214b7dd9edf,text/x-ruby,"Ruby module source, ASCII text",Ruby,False,True,False,False,True,False,False,False,False,False,0,0,0,,,,,,,,,,,,,,,,,,,,,,,,,,,,,,
/rspec-core-3.8.0.gem-extract/data.tar.gz-extract/lib/rspec/core/set.rb,file,set.rb,set,.rb,979,2018-08-04,ceb636331047c0582e449c7fbbaf1ae01d4f760f,d4cd487f883f8a5d738d8b924461c49c,text/x-ruby,"Ruby module source, ASCII text",Ruby,False,True,False,False,True,False,False,False,False,False,0,0,0,,,,,,,,,,,,,,,,,,,,,,,,,,,,,,
/rspec-core-3.8.0.gem-extract/data.tar.gz-extract/lib/rspec/core/shared_context.rb,file,shared_context.rb,shared_context,.rb,1396,2018-08-04,b1d810a0e3cb43385d1dc9b364183b8e82e2afe6,f8a97fe74e1543b1298ef9de543e6cc4,text/x-ruby,"Ruby module source, ASCII text",Ruby,False,True,False,False,True,False,False,False,False,False,0,0,0,,,,,,,,,,,,,,,,,,,,,,,,,,,,,,
/rspec-core-3.8.0.gem-extract/data.tar.gz-extract/lib/rspec/core/shared_example_group.rb,file,shared_example_group.rb,shared_example_group,.rb,10159,2018-08-04,d007086788ba89ffd7262c872de05bdc8437f444,36ff8d525a5f5cf08b1d03b76b085d67,text/x-ruby,"Ruby module source, ASCII text",Ruby,False,True,False,False,True,False,False,False,False,False,0,0,0,,,,,,,,,,,,,,,,,,,,,,,,,,,,,,
/rspec-core-3.8.0.gem-extract/data.tar.gz-extract/lib/rspec/core/shell_escape.rb,file,shell_escape.rb,shell_escape,.rb,1555,2018-08-04,8b669836e045ed867f46b7fb08c700ceb3a96fb0,827ef41e1c37384d6d01e42229c5b4cb,text/x-ruby,"Ruby module source, ASCII text",Ruby,False,True,False,False,True,False,False,False,False,False,0,0,0,,,,,,,,,,,,,,,,,,,,,,,,,,,,,,
/rspec-core-3.8.0.gem-extract/data.tar.gz-extract/lib/rspec/core/test_unit_assertions_adapter.rb,file,test_unit_assertions_adapter.rb,test_unit_assertions_adapter,.rb,953,2018-08-04,dab4edff9b936e17930b8552ef4afa7d6db9dfa2,6debc79e3fb4f2eed5d23680d2ead1e4,text/x-ruby,"Ruby module source, ASCII text",Ruby,False,True,False,False,True,False,False,False,False,False,0,0,0,,,,,,,,,,,,,,,,,,,,,,,,,,,,,,
/rspec-core-3.8.0.gem-extract/data.tar.gz-extract/lib/rspec/core/version.rb,file,version.rb,version,.rb,199,2018-08-04,931e35e82f4358d9f49641f33c0f9d24fb9e75b9,9ffe80061bcc651481ee673fbcad32a4,text/x-ruby,"Ruby module source, ASCII text",Ruby,False,True,False,False,True,False,False,False,False,False,0,0,0,,,,,,,,,,,,,,,,,,,,,,,,,,,,,,
/rspec-core-3.8.0.gem-extract/data.tar.gz-extract/lib/rspec/core/warnings.rb,file,warnings.rb,warnings,.rb,1022,2018-08-04,0863519f4be777a8ae6f4c77f7d9090fc8546596,0ad118509db8f168926e8cacad76a781,text/x-ruby,"Ruby module source, ASCII text",Ruby,False,True,False,False,True,False,False,False,False,False,0,0,0,,,,,,,,,,,,,,,,,,,,,,,,,,,,,,
/rspec-core-3.8.0.gem-extract/data.tar.gz-extract/lib/rspec/core/world.rb,file,world.rb,world,.rb,8176,2018-08-04,3b7ef2ad200d2f9e877ac51439659917febf9b1d,f9143fbe37a89daaa331ac1f86359a5a,text/x-ruby,"Ruby module source, ASCII text",Ruby,False,True,False,False,True,False,False,False,False,False,0,0,0,,,,,,,,,,,,,,,,,,,,,,,,,,,,,,
/rspec-core-3.8.0.gem-extract/data.tar.gz-extract/lib/rspec/core/bisect/,directory,bisect,bisect,,0,,,,,,,False,False,False,False,False,False,False,False,False,False,7,0,22226,,,,,,,,,,,,,,,,,,,,,,,,,,,,,,
/rspec-core-3.8.0.gem-extract/data.tar.gz-extract/lib/rspec/core/bisect/coordinator.rb,file,coordinator.rb,coordinator,.rb,2161,2018-08-04,c02660f80d8bcd315ca5480a56c41ec788895c0f,3e3d0dd3681d517f754cdda783d0aa7d,text/x-ruby,"Ruby module source, ASCII text",Ruby,False,True,False,False,True,False,False,False,False,False,0,0,0,,,,,,,,,,,,,,,,,,,,,,,,,,,,,,
/rspec-core-3.8.0.gem-extract/data.tar.gz-extract/lib/rspec/core/bisect/example_minimizer.rb,file,example_minimizer.rb,example_minimizer,.rb,5815,2018-08-04,c6e19afbab855ec106843c5f01bbe66148ede9c3,b085e7f20f2af6c6d8c368e4401bc31c,text/x-ruby,"Ruby module source, ASCII text",Ruby,False,True,False,False,True,False,False,False,False,False,0,0,0,,,,,,,,,,,,,,,,,,,,,,,,,,,,,,
/rspec-core-3.8.0.gem-extract/data.tar.gz-extract/lib/rspec/core/bisect/fork_runner.rb,file,fork_runner.rb,fork_runner,.rb,4997,2018-08-04,a1c309244ac301718533568b24c9c73e0cca987a,380ec2fbadafee74e91e5acea243e6e4,text/x-ruby,"Ruby module source, ASCII text",Ruby,False,True,False,False,True,False,False,False,False,False,0,0,0,,,,,,,,,,,,,,,,,,,,,,,,,,,,,,
/rspec-core-3.8.0.gem-extract/data.tar.gz-extract/lib/rspec/core/bisect/server.rb,file,server.rb,server,.rb,1753,2018-08-04,60e87887db1bef98edb33d4ff8ea755a68d48e7b,9dbbd49b239f3093acdea08b256cb87d,text/x-ruby,"Ruby module source, ASCII text",Ruby,False,True,False,False,True,False,False,False,False,False,0,0,0,,,,,,,,,,,,,,,,,,,,,,,,,,,,,,
/rspec-core-3.8.0.gem-extract/data.tar.gz-extract/lib/rspec/core/bisect/shell_command.rb,file,shell_command.rb,shell_command,.rb,3880,2018-08-04,c156b267be32ca45fa293cb4c3d780a6d90147fd,16268aacf07966343a1888bdc81ef05f,text/x-ruby,"Ruby module source, ASCII text",Ruby,False,True,False,False,True,False,False,False,False,False,0,0,0,,,,,,,,,,,,,,,,,,,,,,,,,,,,,,
/rspec-core-3.8.0.gem-extract/data.tar.gz-extract/lib/rspec/core/bisect/shell_runner.rb,file,shell_runner.rb,shell_runner,.rb,2042,2018-08-04,562414c410c4e9a28eca2971655ac12d69709213,bffe274e8aa848ea5fc40fd6658d1273,text/x-ruby,"Ruby module source, ASCII text",Ruby,False,True,False,False,True,False,False,False,False,False,0,0,0,,,,,,,,,,,,,,,,,,,,,,,,,,,,,,
/rspec-core-3.8.0.gem-extract/data.tar.gz-extract/lib/rspec/core/bisect/utilities.rb,file,utilities.rb,utilities,.rb,1578,2018-08-04,cdb9b72d22f46a6aea31e2b465b277536e77581c,8eba522b6a8ff00b87631ae56eaf8db6,text/x-ruby,"Ruby module source, ASCII text",Ruby,False,True,False,False,True,False,False,False,False,False,0,0,0,,,,,,,,,,,,,,,,,,,,,,,,,,,,,,
/rspec-core-3.8.0.gem-extract/data.tar.gz-extract/lib/rspec/core/formatters/,directory,formatters,formatters,,0,,,,,,,False,False,False,False,False,False,False,False,False,False,20,0,89761,,,,,,,,,,,,,,,,,,,,,,,,,,,,,,
/rspec-core-3.8.0.gem-extract/data.tar.gz-extract/lib/rspec/core/formatters/base_bisect_formatter.rb,file,base_bisect_formatter.rb,base_bisect_formatter,.rb,1480,2018-08-04,2de2c9db1c5a2e51ef3c35f764228ebb78fd28ac,796aed63bae1a8b13c5c302d374635c9,text/x-ruby,"Ruby module source, ASCII text",Ruby,False,True,False,False,True,False,False,False,False,False,0,0,0,,,,,,,,,,,,,,,,,,,,,,,,,,,,,,
/rspec-core-3.8.0.gem-extract/data.tar.gz-extract/lib/rspec/core/formatters/base_formatter.rb,file,base_formatter.rb,base_formatter,.rb,2074,2018-08-04,1c86ec9d2e9aedf1c8bbf8a0bf2005d81eedab24,ed7874a423e0ff33e413f747674ba06b,text/x-ruby,"Ruby module source, ASCII text",Ruby,False,True,False,False,True,False,False,False,False,False,0,0,0,,,,,,,,,,,,,,,,,,,,,,,,,,,,,,
/rspec-core-3.8.0.gem-extract/data.tar.gz-extract/lib/rspec/core/formatters/base_text_formatter.rb,file,base_text_formatter.rb,base_text_formatter,.rb,2388,2018-08-04,f9f5a2ca13e23061eaed02884283d9798d5655cf,36f61b701e7f48b31afd81762c129aa7,text/x-ruby,"Ruby module source, ASCII text",Ruby,False,True,False,False,True,False,False,False,False,False,0,0,0,,,,,,,,,,,,,,,,,,,,,,,,,,,,,,
/rspec-core-3.8.0.gem-extract/data.tar.gz-extract/lib/rspec/core/formatters/bisect_drb_formatter.rb,file,bisect_drb_formatter.rb,bisect_drb_formatter,.rb,1130,2018-08-04,e34061147684b7a4a832a94043aa703b96edc13e,ce45ed440f4dd001503b41d4c2e3bb5a,text/x-ruby,"Ruby module source, ASCII text",Ruby,False,True,False,False,True,False,False,False,False,False,0,0,0,,,,,,,,,,,,,,,,,,,,,,,,,,,,,,
/rspec-core-3.8.0.gem-extract/data.tar.gz-extract/lib/rspec/core/formatters/bisect_progress_formatter.rb,file,bisect_progress_formatter.rb,bisect_progress_formatter,.rb,6085,2018-08-04,082689f480acf8d1e2d9e59fbdb5600e30fcedd5,9386719782d5df38457b67cf2f758645,text/x-ruby,"Ruby module source, ASCII text",Ruby,False,True,False,False,True,False,False,False,False,False,0,0,0,,,,,,,,,,,,,,,,,,,,,,,,,,,,,,
/rspec-core-3.8.0.gem-extract/data.tar.gz-extract/lib/rspec/core/formatters/console_codes.rb,file,console_codes.rb,console_codes,.rb,2161,2018-08-04,a50babdc5923542a0fc6f2f3999efeed69dfffbc,01527576bb9898deb55608cb81562729,text/x-ruby,"Ruby module source, ASCII text",Ruby,False,True,False,False,True,False,False,False,False,False,0,0,0,,,,,,,,,,,,,,,,,,,,,,,,,,,,,,
/rspec-core-3.8.0.gem-extract/data.tar.gz-extract/lib/rspec/core/formatters/deprecation_formatter.rb,file,deprecation_formatter.rb,deprecation_formatter,.rb,7783,2018-08-04,f08ac13ea7a47bc496b217bd634d113b323f86a8,8b459f10a47a336ce41a5f629a84fb9f,text/x-ruby,"Ruby module source, ASCII text",Ruby,False,True,False,False,True,False,False,False,False,False,0,0,0,,,,,,,,,,,,,,,,,,,,,,,,,,,,,,
/rspec-core-3.8.0.gem-extract/data.tar.gz-extract/lib/rspec/core/formatters/documentation_formatter.rb,file,documentation_formatter.rb,documentation_formatter,.rb,2064,2018-08-04,01649428f297ae3bf335e31cd83b91ddd0a1072f,6b9c9bbc04d5119f861570a8c92381f9,text/x-ruby,"Ruby module source, ASCII text",Ruby,False,True,False,False,True,False,False,False,False,False,0,0,0,,,,,,,,,,,,,,,,,,,,,,,,,,,,,,
/rspec-core-3.8.0.gem-extract/data.tar.gz-extract/lib/rspec/core/formatters/exception_presenter.rb,file,exception_presenter.rb,exception_presenter,.rb,18908,2018-08-04,c3af254ce4cece8486b262aa1a5da45f1437306f,a1e6230b42160ccf2ac33c3f354e9d7e,text/x-ruby,"Ruby module source, ASCII text",Ruby,False,True,False,False,True,False,False,False,False,False,0,0,0,,,,,,,,,,,,,,,,,,,,,,,,,,,,,,
/rspec-core-3.8.0.gem-extract/data.tar.gz-extract/lib/rspec/core/formatters/fallback_message_formatter.rb,file,fallback_message_formatter.rb,fallback_message_formatter,.rb,682,2018-08-04,9e4afd26113ef472a47eb956d519eac2c03a4057,77b53bfcaf258dabdf7751a071bccd16,text/x-ruby,"Ruby module source, ASCII text",Ruby,False,True,False,False,True,False,False,False,False,False,0,0,0,,,,,,,,,,,,,,,,,,,,,,,,,,,,,,
/rspec-core-3.8.0.gem-extract/data.tar.gz-extract/lib/rspec/core/formatters/helpers.rb,file,helpers.rb,helpers,.rb,3723,2018-08-04,79ad29fd86d4894a594648e897d0365d306c9792,130c43626c6672ce3a8b4eaa7d987ee0,text/x-ruby,"Ruby module source, ASCII text",Ruby,False,True,False,False,True,False,False,False,False,False,0,0,0,,,,,,,,,,,,,,,,,,,,,,,,,,,,,,
/rspec-core-3.8.0.gem-extract/data.tar.gz-extract/lib/rspec/core/formatters/html_formatter.rb,file,html_formatter.rb,html_formatter,.rb,5226,2018-08-04,50b9c3cd6209e74f48acad90aec924fde6db6ee1,0ff171704b6cba05499e124fbb28e03e,text/x-ruby,"Ruby module source, ASCII text",Ruby,False,True,False,False,True,False,False,False,False,False,0,0,0,,,,,,,,,,,,,,,,,,,,,,,,,,,,,,
/rspec-core-3.8.0.gem-extract/data.tar.gz-extract/lib/rspec/core/formatters/html_printer.rb,file,html_printer.rb,html_printer,.rb,11801,2018-08-04,3a443e3e43d243cf1789fa7766fb42635f5f5eb2,5407032aac78594f2650337f6dfba47b,text/x-ruby,"Ruby module source, ASCII text",Ruby,False,True,False,False,True,False,False,False,False,False,0,0,0,,,,,,,,,,,,,,,,,,,,,,,,,,,,,,
/rspec-core-3.8.0.gem-extract/data.tar.gz-extract/lib/rspec/core/formatters/html_snippet_extractor.rb,file,html_snippet_extractor.rb,html_snippet_extractor,.rb,4053,2018-08-04,65d20c76e711c78351e1ad24e5d63a4a09979e54,c2adb181d56b34365e77fbd60bc40180,text/x-ruby,"Ruby module source, ASCII text",Ruby,False,True,False,False,True,False,False,False,False,False,0,0,0,,,,,,,,,,,,,,,,,,,,,,,,,,,,,,
/rspec-core-3.8.0.gem-extract/data.tar.gz-extract/lib/rspec/core/formatters/json_formatter.rb,file,json_formatter.rb,json_formatter,.rb,3234,2018-08-04,7f36374121d240529cb5dd7426ad24abe762a65a,35e6eff4300a783f309177af8bdfeccd,text/x-ruby,"Ruby module source, ASCII text",Ruby,False,True,False,False,True,False,False,False,False,False,0,0,0,,,,,,,,,,,,,,,,,,,,,,,,,,,,,,
/rspec-core-3.8.0.gem-extract/data.tar.gz-extract/lib/rspec/core/formatters/profile_formatter.rb,file,profile_formatter.rb,profile_formatter,.rb,2308,2018-08-04,8e166197564db1224d2349ac63e91e67ce38a6bf,1b72e67ad5661973822d8c76c756a136,text/x-ruby,"Ruby module source, ASCII text",Ruby,False,True,False,False,True,False,False,False,False,False,0,0,0,,,,,,,,,,,,,,,,,,,,,,,,,,,,,,
/rspec-core-3.8.0.gem-extract/data.tar.gz-extract/lib/rspec/core/formatters/progress_formatter.rb,file,progress_formatter.rb,progress_formatter,.rb,778,2018-08-04,4b116a3094950659c6d46585027b9615e2837a92,5780af467ed379103a103fb53cc72938,text/x-ruby,"Ruby module source, ASCII text",Ruby,False,True,False,False,True,False,False,False,False,False,0,0,0,,,,,,,,,,,,,,,,,,,,,,,,,,,,,,
/rspec-core-3.8.0.gem-extract/data.tar.gz-extract/lib/rspec/core/formatters/protocol.rb,file,protocol.rb,protocol,.rb,6492,2018-08-04,c0392934a2486c2c235910e97c276b860c902ca5,64c4db8e83414eee350e620fcf883968,text/x-ruby,"Ruby module source, ASCII text",Ruby,False,True,False,False,True,False,False,False,False,False,0,0,0,,,,,,,,,,,,,,,,,,,,,,,,,,,,,,
/rspec-core-3.8.0.gem-extract/data.tar.gz-extract/lib/rspec/core/formatters/snippet_extractor.rb,file,snippet_extractor.rb,snippet_extractor,.rb,4654,2018-08-04,3a360ab72bf651750fb3244df5c9166f87616e99,8671596c2ba62d72e28a09b4317abb31,text/x-ruby,"Ruby module source, ASCII text",Ruby,False,True,False,False,True,False,False,False,False,False,0,0,0,,,,,,,,,,,,,,,,,,,,,,,,,,,,,,
/rspec-core-3.8.0.gem-extract/data.tar.gz-extract/lib/rspec/core/formatters/syntax_highlighter.rb,file,syntax_highlighter.rb,syntax_highlighter,.rb,2737,2018-08-04,7a5b35e9d5185d7c8eb6a5a7882508f77083cd47,11e57d90bf40fddb180aca7df5454776,text/x-ruby,"Ruby module source, ASCII text",Ruby,False,True,False,False,True,False,False,False,False,False,0,0,0,,,,,,,,,,,,,,,,,,,,,,,,,,,,,,
/rspec-core-3.8.0.gem-extract/data.tar.gz-extract/lib/rspec/core/mocking_adapters/,directory,mocking_adapters,mocking_adapters,,0,,,,,,,False,False,False,False,False,False,False,False,False,False,5,0,3321,,,,,,,,,,,,,,,,,,,,,,,,,,,,,,
/rspec-core-3.8.0.gem-extract/data.tar.gz-extract/lib/rspec/core/mocking_adapters/flexmock.rb,file,flexmock.rb,flexmock,.rb,567,2018-08-04,3af3dfe70ffa66bd4855a3f88d638e578c5dc5c7,5f291b7c11687a5984808e536ebc58b1,text/x-ruby,"Ruby module source, ASCII text",Ruby,False,True,False,False,True,False,False,False,False,False,0,0,0,,,,,,,,,,,,,,,,,,,,,,,,,,,,,,
/rspec-core-3.8.0.gem-extract/data.tar.gz-extract/lib/rspec/core/mocking_adapters/flexmock.rb,,,,,,,,,,,,,,,,,,,,,,,,,,,,,,,,,,,,,,1,1,,,,,,,,,,,,,Copyright (c) 2007.,,
/rspec-core-3.8.0.gem-extract/data.tar.gz-extract/lib/rspec/core/mocking_adapters/flexmock.rb,,,,,,,,,,,,,,,,,,,,,,,,,,,,,,,,,,,,,,1,1,,,,,,,,,,,,,,,Jim Weirich
/rspec-core-3.8.0.gem-extract/data.tar.gz-extract/lib/rspec/core/mocking_adapters/mocha.rb,file,mocha.rb,mocha,.rb,1332,2018-08-04,59ccd66e7a90f03d6e73c64ee52ca5a3c7487dd3,73d3b7e1cfcf058964daac2694a387ff,text/x-ruby,"Ruby module source, ASCII text",Ruby,False,True,False,False,True,False,False,False,False,False,0,0,0,,,,,,,,,,,,,,,,,,,,,,,,,,,,,,
/rspec-core-3.8.0.gem-extract/data.tar.gz-extract/lib/rspec/core/mocking_adapters/null.rb,file,null.rb,null,.rb,240,2018-08-04,9a1227b573523d51e2c305a4c5f9dfc178afa0d8,84d76e4f792b55c0c4e570db099bbb25,text/x-ruby,"Ruby module source, ASCII text",Ruby,False,True,False,False,True,False,False,False,False,False,0,0,0,,,,,,,,,,,,,,,,,,,,,,,,,,,,,,
/rspec-core-3.8.0.gem-extract/data.tar.gz-extract/lib/rspec/core/mocking_adapters/rr.rb,file,rr.rb,rr,.rb,607,2018-08-04,93476516008311ccf826e1362b5d979c843d373e,de5a877d10d0c68bd466ea4e2e33b94c,text/x-ruby,"Ruby module source, ASCII text",Ruby,False,True,False,False,True,False,False,False,False,False,0,0,0,,,,,,,,,,,,,,,,,,,,,,,,,,,,,,
/rspec-core-3.8.0.gem-extract/data.tar.gz-extract/lib/rspec/core/mocking_adapters/rspec.rb,file,rspec.rb,rspec,.rb,575,2018-08-04,66370155b3e031ff866143c693abfd396e5521e1,e2bfc58c08f95ea18f4671fece90db3a,text/x-ruby,"Ruby module source, ASCII text",Ruby,False,True,False,False,True,False,False,False,False,False,0,0,0,,,,,,,,,,,,,,,,,,,,,,,,,,,,,,
/rspec-core-3.8.0.gem-extract/data.tar.gz-extract/lib/rspec/core/project_initializer/,directory,project_initializer,project_initializer,,0,,,,,,,False,False,False,False,False,False,False,False,False,False,2,1,4916,,,,,,,,,,,,,,,,,,,,,,,,,,,,,,
/rspec-core-3.8.0.gem-extract/data.tar.gz-extract/lib/rspec/core/project_initializer/.rspec,file,.rspec,.rspec,,22,2018-08-04,894fd89255878412ee28c15b29ad0390ea1dcb69,46369496a9feba7300f6b97138a93d10,text/plain,ASCII text,,False,True,False,False,False,False,False,False,False,False,0,0,0,,,,,,,,,,,,,,,,,,,,,,,,,,,,,,
/rspec-core-3.8.0.gem-extract/data.tar.gz-extract/lib/rspec/core/project_initializer/spec/,directory,spec,spec,,0,,,,,,,False,False,False,False,False,False,False,False,False,False,1,0,4894,,,,,,,,,,,,,,,,,,,,,,,,,,,,,,
/rspec-core-3.8.0.gem-extract/data.tar.gz-extract/lib/rspec/core/project_initializer/spec/spec_helper.rb,file,spec_helper.rb,spec_helper,.rb,4894,2018-08-04,9194122d13596a7d7939debaa0cf9550d00c203f,2270fb4aa9110b4c9365cf1389c34cf8,text/plain,ASCII text,Ruby,False,True,False,False,True,False,False,False,False,False,0,0,0,,,,,,,,,,,,,,,,,,,,,,,,,,,,,,
/rspec-core-3.8.0.gem-extract/metadata.gz-extract/,directory,metadata.gz-extract,metadata.gz-extract,,0,,,,,,,False,False,False,False,False,False,False,False,False,True,1,0,9342,,,,,,,,,,,,,,,,,,,,,,,,,,,,,,
/rspec-core-3.8.0.gem-extract/metadata.gz-extract/metadata.gz-extract,file,metadata.gz-extract,metadata,.gz-extract,9342,2018-10-24,08dbeeb70291bd422d265f56265500c617cc02b5,10ee70a59132c5469d49cfbe7da32f85,text/plain,ASCII text,,False,True,False,False,False,False,False,False,False,False,0,0,0,,,,,,,,,,,,,,,,,,,,,,,,,,,,,,
