Resource,type,name,base_name,extension,size,date,sha1,md5,mime_type,file_type,programming_language,is_binary,is_text,is_archive,is_media,is_source,is_script,is_legal,is_manifest,is_readme,is_top_level,files_count,dirs_count,size_count,scan_errors,license__key,license__score,license__name,license__short_name,license__category,license__is_exception,license__owner,license__homepage_url,license__text_url,license__reference_url,license__spdx_license_key,license__spdx_url,start_line,end_line,matched_rule__identifier,matched_rule__license_expression,matched_rule__licenses,matched_rule__is_license_text,matched_rule__is_license_notice,matched_rule__is_license_reference,matched_rule__is_license_tag,matched_rule__matcher,matched_rule__rule_length,matched_rule__matched_length,matched_rule__match_coverage,matched_rule__rule_relevance,author
/junit-4.12-sources.jar-extract/,directory,junit-4.12-sources.jar-extract,junit-4.12-sources.jar-extract,,0,,,,,,,False,False,False,False,False,False,False,False,False,True,200,33,583801,,,,,,,,,,,,,,,,,,,,,,,,,,,,
/junit-4.12-sources.jar-extract/LICENSE-junit.txt,file,LICENSE-junit.txt,LICENSE-junit,.txt,11376,2014-12-04,c5ad241dc5b44cae69e48c5253b7a3fede415ea1,ef49eda815edf1704227bbaf8f9767ad,text/plain,ASCII text,,False,True,False,False,False,False,True,False,False,True,0,0,0,,,,,,,,,,,,,,,,,,,,,,,,,,,,
/junit-4.12-sources.jar-extract/LICENSE-junit.txt,,,,,,,,,,,,,,,,,,,,,,,,,,epl-1.0,100.00,Eclipse Public License 1.0,EPL 1.0,Copyleft Limited,False,Eclipse Foundation,http://www.eclipse.org/legal/epl-v10.html,http://www.eclipse.org/legal/epl-v10.html,https://enterprise.dejacode.com/urn/urn:dje:license:epl-1.0,EPL-1.0,https://spdx.org/licenses/EPL-1.0,3,213,epl-1.0.LICENSE,epl-1.0,[u'epl-1.0'],True,False,False,False,1-hash,1718,1718,100.00,100.00,
/junit-4.12-sources.jar-extract/junit/,directory,junit,junit,,0,,,,,,,False,False,False,False,False,False,False,False,False,True,30,4,82930,,,,,,,,,,,,,,,,,,,,,,,,,,,,
/junit-4.12-sources.jar-extract/junit/extensions/,directory,extensions,extensions,,0,,,,,,,False,False,False,False,False,False,False,False,False,False,5,0,4714,,,,,,,,,,,,,,,,,,,,,,,,,,,,
/junit-4.12-sources.jar-extract/junit/extensions/ActiveTestSuite.java,file,ActiveTestSuite.java,ActiveTestSuite,.java,1783,2014-12-04,1c3f013a613a2444a5b5034a189a0d2129f470a3,6025f945acd8dae2c77568a0682d1009,text/plain,ASCII text,Java,False,True,False,False,True,False,False,False,False,False,0,0,0,,,,,,,,,,,,,,,,,,,,,,,,,,,,
/junit-4.12-sources.jar-extract/junit/extensions/package-info.java,file,package-info.java,package-info,.java,84,2014-12-04,1347eb87ab9efdd1ba8f4abc5bdb60cd58208f11,528b4122e0dbb765c49a07bd4aa1bbf0,text/plain,ASCII text,Java,False,True,False,False,True,False,False,False,False,False,0,0,0,,,,,,,,,,,,,,,,,,,,,,,,,,,,
/junit-4.12-sources.jar-extract/junit/extensions/RepeatedTest.java,file,RepeatedTest.java,RepeatedTest,.java,887,2014-12-04,7ae43d03c1711fec6b8a32dad7cee0d8d8afd421,1f1fb64a3cc1af4ddcd70e65028bff51,text/plain,ASCII text,Java,False,True,False,False,True,False,False,False,False,False,0,0,0,,,,,,,,,,,,,,,,,,,,,,,,,,,,
/junit-4.12-sources.jar-extract/junit/extensions/TestDecorator.java,file,TestDecorator.java,TestDecorator,.java,903,2014-12-04,79ede59f35e65ad9e6d89f12c86d3cdaed421608,2e2abc3eacd186284a6c7c35c6c6ac41,text/plain,ASCII text,Java,False,True,False,False,True,False,False,False,False,False,0,0,0,,,,,,,,,,,,,,,,,,,,,,,,,,,,
/junit-4.12-sources.jar-extract/junit/extensions/TestSetup.java,file,TestSetup.java,TestSetup,.java,1057,2014-12-04,78a0c5aa4889386cd11f5283f420f0c8ab97bcb6,93c47b83dfc0d632231cbaff26ef1d75,text/plain,ASCII text,Java,False,True,False,False,True,False,False,False,False,False,0,0,0,,,,,,,,,,,,,,,,,,,,,,,,,,,,
/junit-4.12-sources.jar-extract/junit/framework/,directory,framework,framework,,0,,,,,,,False,False,False,False,False,False,False,False,False,False,15,0,55142,,,,,,,,,,,,,,,,,,,,,,,,,,,,
/junit-4.12-sources.jar-extract/junit/framework/Assert.java,file,Assert.java,Assert,.java,10808,2014-12-04,a7a9530bf315486808a85316a9253b7dc7faf9e6,257fa36155e8c58068b92190119a9c1a,text/plain,ASCII text,Java,False,True,False,False,True,False,False,False,False,False,0,0,0,,,,,,,,,,,,,,,,,,,,,,,,,,,,
/junit-4.12-sources.jar-extract/junit/framework/AssertionFailedError.java,file,AssertionFailedError.java,AssertionFailedError,.java,820,2014-12-04,956c687f8d98f4d67595e5d6369337f4ca56d79e,b3689215ce252398d9f3fb28fa7e39c4,text/plain,ASCII text,Java,False,True,False,False,True,False,False,False,False,False,0,0,0,,,,,,,,,,,,,,,,,,,,,,,,,,,,
/junit-4.12-sources.jar-extract/junit/framework/ComparisonCompactor.java,file,ComparisonCompactor.java,ComparisonCompactor,.java,2636,2014-12-04,175dda51e25b9eca65f8a5f59a1e962d25c89d6d,ae9d523d1a7926301d75306b6b93e1c7,text/plain,ASCII text,Java,False,True,False,False,True,False,False,False,False,False,0,0,0,,,,,,,,,,,,,,,,,,,,,,,,,,,,
/junit-4.12-sources.jar-extract/junit/framework/ComparisonFailure.java,file,ComparisonFailure.java,ComparisonFailure,.java,1432,2014-12-04,3ff2c3de9860df06e8fe3166bd51be99d12dd11c,5c104185083a17a31457ef283198f1a6,text/plain,ASCII text,Java,False,True,False,False,True,False,False,False,False,False,0,0,0,,,,,,,,,,,,,,,,,,,,,,,,,,,,
/junit-4.12-sources.jar-extract/junit/framework/JUnit4TestAdapter.java,file,JUnit4TestAdapter.java,JUnit4TestAdapter,.java,2473,2014-12-04,26f7fc05898445344707469abf4e2de22f469a18,62c9bc542279143f92128875c7b3e6b1,text/plain,ASCII text,Java,False,True,False,False,True,False,False,False,False,False,0,0,0,,,,,,,,,,,,,,,,,,,,,,,,,,,,
/junit-4.12-sources.jar-extract/junit/framework/JUnit4TestAdapterCache.java,file,JUnit4TestAdapterCache.java,JUnit4TestAdapterCache,.java,2524,2014-12-04,7343f6f9c7d043f268303d1e17509e749c89c374,f9fd9a0170596c82d4826dfdd6132169,text/plain,ASCII text,Java,False,True,False,False,True,False,False,False,False,False,0,0,0,,,,,,,,,,,,,,,,,,,,,,,,,,,,
/junit-4.12-sources.jar-extract/junit/framework/JUnit4TestCaseFacade.java,file,JUnit4TestCaseFacade.java,JUnit4TestCaseFacade,.java,699,2014-12-04,f5d7c1c58a4e93e6e4f5defc89473f565c9a9cc2,652c192287bd23a725bb75b7a05d77bc,text/plain,ASCII text,Java,False,True,False,False,True,False,False,False,False,False,0,0,0,,,,,,,,,,,,,,,,,,,,,,,,,,,,
/junit-4.12-sources.jar-extract/junit/framework/package-info.java,file,package-info.java,package-info,.java,69,2014-12-04,438a85e032fc2cdd17ee8ef0e9a77c89ad52527c,dee5c290c77be1e6d0d9f2dd92b305ed,text/plain,ASCII text,Java,False,True,False,False,True,False,False,False,False,False,0,0,0,,,,,,,,,,,,,,,,,,,,,,,,,,,,
/junit-4.12-sources.jar-extract/junit/framework/Protectable.java,file,Protectable.java,Protectable,.java,269,2014-12-04,74210d05bba212a761774a5e37d25891200b2614,ca742f77f19f6823a968e2f27062e3f1,text/plain,ASCII text,Java,False,True,False,False,True,False,False,False,False,False,0,0,0,,,,,,,,,,,,,,,,,,,,,,,,,,,,
/junit-4.12-sources.jar-extract/junit/framework/Test.java,file,Test.java,Test,.java,399,2014-12-04,a6bdf6fff8168fe2481575f6ec35f37130da2c3e,fd7475dfbd6bdedd586cd7d529515be3,text/plain,ASCII text,Java,False,True,False,False,True,False,False,False,False,False,0,0,0,,,,,,,,,,,,,,,,,,,,,,,,,,,,
/junit-4.12-sources.jar-extract/junit/framework/TestCase.java,file,TestCase.java,TestCase,.java,16743,2014-12-04,23df49180b007115e6f15b3fe54c15dcc923ff4d,875b22fbb0c9c9867f3f0d6c2596e31b,text/plain,ASCII text,Java,False,True,False,False,True,False,False,False,False,False,0,0,0,,,,,,,,,,,,,,,,,,,,,,,,,,,,
/junit-4.12-sources.jar-extract/junit/framework/TestFailure.java,file,TestFailure.java,TestFailure,.java,1795,2014-12-04,621cae4c8ded2e7e57d13b965ccb066c843fc95d,f82494940dfc7dc704f1abadca000f34,text/plain,ASCII text,Java,False,True,False,False,True,False,False,False,False,False,0,0,0,,,,,,,,,,,,,,,,,,,,,,,,,,,,
/junit-4.12-sources.jar-extract/junit/framework/TestListener.java,file,TestListener.java,TestListener,.java,450,2014-12-04,95e4d8ab3fcdb9241435e2d58c95472d8db0a052,176ea421cc0fea36a7babec678392043,text/plain,ASCII text,Java,False,True,False,False,True,False,False,False,False,False,0,0,0,,,,,,,,,,,,,,,,,,,,,,,,,,,,
/junit-4.12-sources.jar-extract/junit/framework/TestResult.java,file,TestResult.java,TestResult,.java,4700,2014-12-04,d08c66e5d06885270415ad859cd4cb8e2a4bd4f3,171a75313e1a08c5a2479c315fe24b3f,text/plain,ASCII text,Java,False,True,False,False,True,False,False,False,False,False,0,0,0,,,,,,,,,,,,,,,,,,,,,,,,,,,,
/junit-4.12-sources.jar-extract/junit/framework/TestSuite.java,file,TestSuite.java,TestSuite,.java,9325,2014-12-04,f373c63c22ef3c51fa385f3d7d266cf58e83eeb8,99cc8d41e8632313cd9238e00f5cfd5c,text/plain,ASCII text,Java,False,True,False,False,True,False,False,False,False,False,0,0,0,,,,,,,,,,,,,,,,,,,,,,,,,,,,
/junit-4.12-sources.jar-extract/junit/runner/,directory,runner,runner,,0,,,,,,,False,False,False,False,False,False,False,False,False,False,7,0,13047,,,,,,,,,,,,,,,,,,,,,,,,,,,,
/junit-4.12-sources.jar-extract/junit/runner/BaseTestRunner.java,file,BaseTestRunner.java,BaseTestRunner,.java,9856,2014-12-04,58f78366e3b139bbe71fa8ae4e557e80d9cfe33e,7f72913a579635e367154418cf5b5769,text/plain,ASCII text,Java,False,True,False,False,True,False,False,False,False,False,0,0,0,,,,,,,,,,,,,,,,,,,,,,,,,,,,
/junit-4.12-sources.jar-extract/junit/runner/logo.gif,file,logo.gif,logo,.gif,964,2014-12-04,26fc9aa1c1c1001b31091eab3dd9eef221f5583d,893431c33109e8bbf736065d58841162,image/gif,"GIF image data, version 89a, 38 x 26",,True,False,False,True,False,False,False,False,False,False,0,0,0,,,,,,,,,,,,,,,,,,,,,,,,,,,,
/junit-4.12-sources.jar-extract/junit/runner/package-info.java,file,package-info.java,package-info,.java,66,2014-12-04,d2f325037935019bf97ffec4f67cde09d6a56363,c4d04a3d532cd70dc6dfbf4ffba31592,text/plain,ASCII text,Java,False,True,False,False,True,False,False,False,False,False,0,0,0,,,,,,,,,,,,,,,,,,,,,,,,,,,,
/junit-4.12-sources.jar-extract/junit/runner/smalllogo.gif,file,smalllogo.gif,smalllogo,.gif,883,2014-12-04,ed3682da09a3deac3555f31ffddf940bb08136f5,6fc137ce4b0180041030090b8833ef04,image/gif,"GIF image data, version 89a, 22 x 17",,True,False,False,True,False,False,False,False,False,False,0,0,0,,,,,,,,,,,,,,,,,,,,,,,,,,,,
/junit-4.12-sources.jar-extract/junit/runner/TestRunListener.java,file,TestRunListener.java,TestRunListener,.java,715,2014-12-04,b8cebe7893bd16b9d4801e0aece51df280bcb9f9,e6570a63a8b2a3e3e1650ba906d823af,text/plain,ASCII text,Java,False,True,False,False,True,False,False,False,False,False,0,0,0,,,,,,,,,,,,,,,,,,,,,,,,,,,,
/junit-4.12-sources.jar-extract/junit/runner/Version.java,file,Version.java,Version,.java,279,2014-12-04,c427d24fef2a42e3fab1fa9b629d7797dbcd1406,ab173dec598e05a1b526e148d30d3fc1,text/x-c,"C source, ASCII text",Java,False,True,False,False,True,False,False,False,False,False,0,0,0,,,,,,,,,,,,,,,,,,,,,,,,,,,,
/junit-4.12-sources.jar-extract/junit/runner/Version.java.template,file,Version.java.template,Version.java,.template,284,2014-12-04,89b2414f22e66d982604e37b9fecf06065654a0d,36268b21d3be5a3dbfd6fe4ce06fc9ca,text/x-c,"C source, ASCII text",Objective-C,False,True,False,False,True,False,False,False,False,False,0,0,0,,,,,,,,,,,,,,,,,,,,,,,,,,,,
/junit-4.12-sources.jar-extract/junit/textui/,directory,textui,textui,,0,,,,,,,False,False,False,False,False,False,False,False,False,False,3,0,10027,,,,,,,,,,,,,,,,,,,,,,,,,,,,
/junit-4.12-sources.jar-extract/junit/textui/package-info.java,file,package-info.java,package-info,.java,90,2014-12-04,828ad7ce3b38e0b22ed38a51481b20181bad33d4,1dcc1019473dcf2b7ca34785311fb238,text/plain,ASCII text,Java,False,True,False,False,True,False,False,False,False,False,0,0,0,,,,,,,,,,,,,,,,,,,,,,,,,,,,
/junit-4.12-sources.jar-extract/junit/textui/ResultPrinter.java,file,ResultPrinter.java,ResultPrinter,.java,4065,2014-12-04,e351e6be391a32b48b8df3f2fba299f66a6429a1,d1d9c44e3b96bd25625801750f50f258,text/plain,ASCII text,Java,False,True,False,False,True,False,False,False,False,False,0,0,0,,,,,,,,,,,,,,,,,,,,,,,,,,,,
/junit-4.12-sources.jar-extract/junit/textui/TestRunner.java,file,TestRunner.java,TestRunner,.java,5872,2014-12-04,d5f4268fccf88e9b63413e3d45aa7fb9b29e0fdb,5a06dbece103a7633fdb808e1caaf920,text/x-c,"C source, ASCII text",Java,False,True,False,False,True,False,False,False,False,False,0,0,0,,,,,,,,,,,,,,,,,,,,,,,,,,,,
/junit-4.12-sources.jar-extract/META-INF/,directory,META-INF,META-INF,,0,,,,,,,False,False,False,False,False,False,False,False,False,True,1,0,126,,,,,,,,,,,,,,,,,,,,,,,,,,,,
/junit-4.12-sources.jar-extract/META-INF/MANIFEST.MF,file,MANIFEST.MF,MANIFEST,.MF,126,2014-12-04,120d67a61e7fa24cb415a73a5818bc08dd9d09b5,40098108b883d545526d3cc17361cab0,text/plain,"ASCII text, with CRLF line terminators",,False,True,False,False,False,False,False,True,False,False,0,0,0,,,,,,,,,,,,,,,,,,,,,,,,,,,,
/junit-4.12-sources.jar-extract/org/,directory,org,org,,0,,,,,,,False,False,False,False,False,False,False,False,False,True,168,26,489369,,,,,,,,,,,,,,,,,,,,,,,,,,,,
/junit-4.12-sources.jar-extract/org/junit/,directory,junit,junit,,0,,,,,,,False,False,False,False,False,False,False,False,False,False,168,25,489369,,,,,,,,,,,,,,,,,,,,,,,,,,,,
/junit-4.12-sources.jar-extract/org/junit/After.java,file,After.java,After,.java,1290,2014-12-04,3f337d1ea2e6ecc81376a7419ca6ab5537dae698,62d85b462aebaba8bc93811495cc1c8a,text/plain,ASCII text,Java,False,True,False,False,True,False,False,False,False,False,0,0,0,,,,,,,,,,,,,,,,,,,,,,,,,,,,
/junit-4.12-sources.jar-extract/org/junit/AfterClass.java,file,AfterClass.java,AfterClass,.java,1440,2014-12-04,90d513e4c6f43ecd4d104cf545a0343b932f856d,4bd82ee097a8236a436f0c02edb562c1,text/plain,ASCII text,Java,False,True,False,False,True,False,False,False,False,False,0,0,0,,,,,,,,,,,,,,,,,,,,,,,,,,,,
/junit-4.12-sources.jar-extract/org/junit/Assert.java,file,Assert.java,Assert,.java,36602,2014-12-04,7461f1dba60b3ea7e977a3b48a848cd1fb8a2756,d35c75d139ad5e1dc6a4b600ac0dfba8,text/plain,ASCII text,Java,False,True,False,False,True,False,False,False,False,False,0,0,0,,,,,,,,,,,,,,,,,,,,,,,,,,,,
/junit-4.12-sources.jar-extract/org/junit/Assume.java,file,Assume.java,Assume,.java,5955,2014-12-04,d845d8c64a4cfc74d75c5a40009322aca7d7ce91,84412aa7fba56d62ff6e1eba205553cf,text/html,"HTML document, ASCII text",Java,False,True,False,False,True,False,False,False,False,False,0,0,0,,,,,,,,,,,,,,,,,,,,,,,,,,,,
/junit-4.12-sources.jar-extract/org/junit/AssumptionViolatedException.java,file,AssumptionViolatedException.java,AssumptionViolatedException,.java,1442,2014-12-04,0bea4b916425a4f5c72f191e0e1df21d69ccca89,993df42fdf219e326e89e13f61ec4b45,text/plain,ASCII text,Java,False,True,False,False,True,False,False,False,False,False,0,0,0,,,,,,,,,,,,,,,,,,,,,,,,,,,,
/junit-4.12-sources.jar-extract/org/junit/Before.java,file,Before.java,Before,.java,1118,2014-12-04,82a9cbbcca0bbd7adcfe2a6a785d3cf077c10149,359ac531d779f4e10f0bd00d5d7c8794,text/plain,ASCII text,Java,False,True,False,False,True,False,False,False,False,False,0,0,0,,,,,,,,,,,,,,,,,,,,,,,,,,,,
/junit-4.12-sources.jar-extract/org/junit/BeforeClass.java,file,BeforeClass.java,BeforeClass,.java,1123,2014-12-04,5f874bcc240c4cdcc3c964a70830f9a28baf4f7d,c2333adfd3f5de65153ceab8d4314e5b,text/plain,ASCII text,Java,False,True,False,False,True,False,False,False,False,False,0,0,0,,,,,,,,,,,,,,,,,,,,,,,,,,,,
/junit-4.12-sources.jar-extract/org/junit/ClassRule.java,file,ClassRule.java,ClassRule,.java,3144,2014-12-04,459b615e8cbb13299eef458a51f61a081c77d38c,577ce51bd1658a9eb659a474d9343d29,text/plain,ASCII text,Java,False,True,False,False,True,False,False,False,False,False,0,0,0,,,,,,,,,,,,,,,,,,,,,,,,,,,,
/junit-4.12-sources.jar-extract/org/junit/ComparisonFailure.java,file,ComparisonFailure.java,ComparisonFailure,.java,6079,2014-12-04,f32ce6c2c2ae71ef40524c6fb3cf1422bd5dbcbf,79b4f796793d25a6d21e9cea20dcf284,text/plain,ASCII text,Java,False,True,False,False,True,False,False,False,False,False,0,0,0,,,,,,,,,,,,,,,,,,,,,,,,,,,,
/junit-4.12-sources.jar-extract/org/junit/FixMethodOrder.java,file,FixMethodOrder.java,FixMethodOrder,.java,1442,2014-12-04,cc2e462df9fa0ba35a26686194d376b5da90362a,1a14053e7b0722be0f6c0bfd32167c0a,text/plain,ASCII text,Java,False,True,False,False,True,False,False,False,False,False,0,0,0,,,,,,,,,,,,,,,,,,,,,,,,,,,,
/junit-4.12-sources.jar-extract/org/junit/Ignore.java,file,Ignore.java,Ignore,.java,1454,2014-12-04,bd198b73f7fea6c5f0c1a9624c3cd14e813501bb,9a3caf7a1f50057c8bc18014c19eea84,text/plain,ASCII text,Java,False,True,False,False,True,False,False,False,False,False,0,0,0,,,,,,,,,,,,,,,,,,,,,,,,,,,,
/junit-4.12-sources.jar-extract/org/junit/package-info.java,file,package-info.java,package-info,.java,143,2014-12-04,75c48efbeb9ac0126fdff4e1d54f9eec08527f94,4f387215ddb696f9b2ab9798eb1010a4,text/plain,ASCII text,Java,False,True,False,False,True,False,False,False,False,False,0,0,0,,,,,,,,,,,,,,,,,,,,,,,,,,,,
/junit-4.12-sources.jar-extract/org/junit/Rule.java,file,Rule.java,Rule,.java,2604,2014-12-04,9218c8c86f1ff11094a746e82029160ebbd505b6,36adf499cdae0c41724290d16f7be0df,text/plain,ASCII text,Java,False,True,False,False,True,False,False,False,False,False,0,0,0,,,,,,,,,,,,,,,,,,,,,,,,,,,,
/junit-4.12-sources.jar-extract/org/junit/Test.java,file,Test.java,Test,.java,4246,2014-12-04,c0d378f33a2ac42ea1ec53e813dcc7aad5f42a21,b218d82e3384e22fbfc468d9cb3e3903,text/html,"HTML document, ASCII text",Java,False,True,False,False,True,False,False,False,False,False,0,0,0,,,,,,,,,,,,,,,,,,,,,,,,,,,,
/junit-4.12-sources.jar-extract/org/junit/experimental/,directory,experimental,experimental,,0,,,,,,,False,False,False,False,False,False,False,False,False,False,31,7,93553,,,,,,,,,,,,,,,,,,,,,,,,,,,,
/junit-4.12-sources.jar-extract/org/junit/experimental/ParallelComputer.java,file,ParallelComputer.java,ParallelComputer,.java,2167,2014-12-04,c42b1acd4f7b0f33d4726a5b33dc6edf9c796bff,01a4dd1f650903fecebdc39ce931db17,text/plain,ASCII text,Java,False,True,False,False,True,False,False,False,False,False,0,0,0,,,,,,,,,,,,,,,,,,,,,,,,,,,,
/junit-4.12-sources.jar-extract/org/junit/experimental/categories/,directory,categories,categories,,0,,,,,,,False,False,False,False,False,False,False,False,False,False,6,0,22250,,,,,,,,,,,,,,,,,,,,,,,,,,,,
/junit-4.12-sources.jar-extract/org/junit/experimental/categories/Categories.java,file,Categories.java,Categories,.java,14352,2014-12-04,c5123fb6db0e782e25e484f065792a0109e8a264,44d6503d03f5bc455bfc5ba73d1010ec,text/html,"HTML document, ASCII text",Java,False,True,False,False,True,False,False,False,False,False,0,0,0,,,,,,,,,,,,,,,,,,,,,,,,,,,,
/junit-4.12-sources.jar-extract/org/junit/experimental/categories/Category.java,file,Category.java,Category,.java,1034,2014-12-04,1f1d0287bb8b2a037f71b5f5df4c78a7c2589d62,0c0519326d2eefe1cd9516d0bce03a4f,text/plain,ASCII text,Java,False,True,False,False,True,False,False,False,False,False,0,0,0,,,,,,,,,,,,,,,,,,,,,,,,,,,,
/junit-4.12-sources.jar-extract/org/junit/experimental/categories/CategoryFilterFactory.java,file,CategoryFilterFactory.java,CategoryFilterFactory,.java,1592,2014-12-04,65c6a52706a34529b4e2d195461e7415fe49d20b,d7437a83d8d313c66bb239a5226bd190,text/plain,"ASCII text, with CRLF line terminators",Java,False,True,False,False,True,False,False,False,False,False,0,0,0,,,,,,,,,,,,,,,,,,,,,,,,,,,,
/junit-4.12-sources.jar-extract/org/junit/experimental/categories/CategoryValidator.java,file,CategoryValidator.java,CategoryValidator,.java,2184,2014-12-04,5e4ecff3e12fba0be81d53f1ceaab15c0a641166,827202332e9eb06bea47cc9442fd18a6,text/plain,ASCII text,Java,False,True,False,False,True,False,False,False,False,False,0,0,0,,,,,,,,,,,,,,,,,,,,,,,,,,,,
/junit-4.12-sources.jar-extract/org/junit/experimental/categories/ExcludeCategories.java,file,ExcludeCategories.java,ExcludeCategories,.java,1546,2014-12-04,c883c5fd720da4cd026f92af0ba5a395d071539a,710b15196ca5ae8ddab083f473bb54b9,text/plain,"ASCII text, with CRLF line terminators",Java,False,True,False,False,True,False,False,False,False,False,0,0,0,,,,,,,,,,,,,,,,,,,,,,,,,,,,
/junit-4.12-sources.jar-extract/org/junit/experimental/categories/IncludeCategories.java,file,IncludeCategories.java,IncludeCategories,.java,1542,2014-12-04,8e4a7b9869c0bd1a56c12a4f24f438fa49b0fc93,1027e0af8b2c7035c13b10d4e9af6a0e,text/plain,"ASCII text, with CRLF line terminators",Java,False,True,False,False,True,False,False,False,False,False,0,0,0,,,,,,,,,,,,,,,,,,,,,,,,,,,,
/junit-4.12-sources.jar-extract/org/junit/experimental/max/,directory,max,max,,0,,,,,,,False,False,False,False,False,False,False,False,False,False,3,0,12141,,,,,,,,,,,,,,,,,,,,,,,,,,,,
/junit-4.12-sources.jar-extract/org/junit/experimental/max/CouldNotReadCoreException.java,file,CouldNotReadCoreException.java,CouldNotReadCoreException,.java,327,2014-12-04,19e4e5ad9c5acdf6b3cd28760db6c7d989ffa880,82b03e62887dbb6341f593d32ee717d7,text/plain,ASCII text,Java,False,True,False,False,True,False,False,False,False,False,0,0,0,,,,,,,,,,,,,,,,,,,,,,,,,,,,
/junit-4.12-sources.jar-extract/org/junit/experimental/max/MaxCore.java,file,MaxCore.java,MaxCore,.java,6413,2014-12-04,d07bbd59063658438a4c98133e237540f6f8b4af,f01f5c618b1221dd486170d396c14161,text/plain,ASCII text,Java,False,True,False,False,True,False,False,False,False,False,0,0,0,,,,,,,,,,,,,,,,,,,,,,,,,,,,
/junit-4.12-sources.jar-extract/org/junit/experimental/max/MaxHistory.java,file,MaxHistory.java,MaxHistory,.java,5401,2014-12-04,8b2b841221e0d245913e714adc1f49e07b20da3d,45c1c30a8dab7b6e3a1c7c2703ae4075,text/plain,ASCII text,Java,False,True,False,False,True,False,False,False,False,False,0,0,0,,,,,,,,,,,,,,,,,,,,,,,,,,,,
/junit-4.12-sources.jar-extract/org/junit/experimental/results/,directory,results,results,,0,,,,,,,False,False,False,False,False,False,False,False,False,False,3,0,4588,,,,,,,,,,,,,,,,,,,,,,,,,,,,
/junit-4.12-sources.jar-extract/org/junit/experimental/results/FailureList.java,file,FailureList.java,FailureList,.java,745,2014-12-04,9824bbafae55f618d15848b3c562b75a9817e7b9,1e566144a54d3d43870187bbe3a95609,text/x-c++,"C++ source, ASCII text",Java,False,True,False,False,True,False,False,False,False,False,0,0,0,,,,,,,,,,,,,,,,,,,,,,,,,,,,
/junit-4.12-sources.jar-extract/org/junit/experimental/results/PrintableResult.java,file,PrintableResult.java,PrintableResult,.java,1656,2014-12-04,b72a050a17febeb55432bc93471a71774494d590,d1dd9ac8d0e14c2d5400d4393613c20f,text/plain,ASCII text,Java,False,True,False,False,True,False,False,False,False,False,0,0,0,,,,,,,,,,,,,,,,,,,,,,,,,,,,
/junit-4.12-sources.jar-extract/org/junit/experimental/results/ResultMatchers.java,file,ResultMatchers.java,ResultMatchers,.java,2187,2014-12-04,dc3ebce3c8db3ab9b0c48d35497b48e5eb26e282,05e95da29061b35e5a823a2dba4fa415,text/plain,ASCII text,Java,False,True,False,False,True,False,False,False,False,False,0,0,0,,,,,,,,,,,,,,,,,,,,,,,,,,,,
/junit-4.12-sources.jar-extract/org/junit/experimental/runners/,directory,runners,runners,,0,,,,,,,False,False,False,False,False,False,False,False,False,False,1,0,1512,,,,,,,,,,,,,,,,,,,,,,,,,,,,
/junit-4.12-sources.jar-extract/org/junit/experimental/runners/Enclosed.java,file,Enclosed.java,Enclosed,.java,1512,2014-12-04,cee8475742f5a47cbb37a134410c3b1371794e76,6c62b7a0efe070f96a8d77e999757f8a,text/plain,ASCII text,Java,False,True,False,False,True,False,False,False,False,False,0,0,0,,,,,,,,,,,,,,,,,,,,,,,,,,,,
/junit-4.12-sources.jar-extract/org/junit/experimental/theories/,directory,theories,theories,,0,,,,,,,False,False,False,False,False,False,False,False,False,False,17,2,50895,,,,,,,,,,,,,,,,,,,,,,,,,,,,
/junit-4.12-sources.jar-extract/org/junit/experimental/theories/DataPoint.java,file,DataPoint.java,DataPoint,.java,2116,2014-12-04,bcb32bad9ba32c79346410ac108661ea3992ad68,cd63ad1c848736e195e3008adfb0688c,text/plain,ASCII text,Java,False,True,False,False,True,False,False,False,False,False,0,0,0,,,,,,,,,,,,,,,,,,,,,,,,,,,,
/junit-4.12-sources.jar-extract/org/junit/experimental/theories/DataPoints.java,file,DataPoints.java,DataPoints,.java,2556,2014-12-04,94eebfd627baa06de9277691f97fa02630bd415f,4ab6735f4bbfe5a64912188f1eda236a,text/plain,ASCII text,Java,False,True,False,False,True,False,False,False,False,False,0,0,0,,,,,,,,,,,,,,,,,,,,,,,,,,,,
/junit-4.12-sources.jar-extract/org/junit/experimental/theories/FromDataPoints.java,file,FromDataPoints.java,FromDataPoints,.java,2006,2014-12-04,e3bd0ae64b8ca7dc76b5763c698155105c038c47,c778fc5699c45a15d3fbeb3908b9faf0,text/plain,ASCII text,Java,False,True,False,False,True,False,False,False,False,False,0,0,0,,,,,,,,,,,,,,,,,,,,,,,,,,,,
/junit-4.12-sources.jar-extract/org/junit/experimental/theories/ParameterSignature.java,file,ParameterSignature.java,ParameterSignature,.java,4625,2014-12-04,c6f62632fbd39ca7ceb57cacfa49cd0ba7fd6bb5,2dd56791c002e60cec405b993f940df4,text/plain,ASCII text,Java,False,True,False,False,True,False,False,False,False,False,0,0,0,,,,,,,,,,,,,,,,,,,,,,,,,,,,
/junit-4.12-sources.jar-extract/org/junit/experimental/theories/ParametersSuppliedBy.java,file,ParametersSuppliedBy.java,ParametersSuppliedBy,.java,1463,2014-12-04,7c28303c7c90fbabd737d74a16b62036ebd99e81,0483bd31bd13b77f8ae8d75d9bb72de9,text/plain,ASCII text,Java,False,True,False,False,True,False,False,False,False,False,0,0,0,,,,,,,,,,,,,,,,,,,,,,,,,,,,
/junit-4.12-sources.jar-extract/org/junit/experimental/theories/ParameterSupplier.java,file,ParameterSupplier.java,ParameterSupplier,.java,1658,2014-12-04,0c3df92cb6d3da3f703ff15c19be81aed1d4856c,f73d324e1e270171f32f9109e515d68d,text/plain,ASCII text,Java,False,True,False,False,True,False,False,False,False,False,0,0,0,,,,,,,,,,,,,,,,,,,,,,,,,,,,
/junit-4.12-sources.jar-extract/org/junit/experimental/theories/PotentialAssignment.java,file,PotentialAssignment.java,PotentialAssignment,.java,1604,2014-12-04,5466f048f061a30083a7b429e62d1c1e68e943b6,2525b6412008e2154f2a2229182c2d0f,text/plain,ASCII text,Java,False,True,False,False,True,False,False,False,False,False,0,0,0,,,,,,,,,,,,,,,,,,,,,,,,,,,,
/junit-4.12-sources.jar-extract/org/junit/experimental/theories/Theories.java,file,Theories.java,Theories,.java,12849,2014-12-04,6a2ebe9cea6e2c4f8f5f402f7c5f3277130fde8d,36248725e3f6a346b9be1176d70d8edd,text/html,"HTML document, ASCII text",Java,False,True,False,False,True,False,False,False,False,False,0,0,0,,,,,,,,,,,,,,,,,,,,,,,,,,,,
/junit-4.12-sources.jar-extract/org/junit/experimental/theories/Theory.java,file,Theory.java,Theory,.java,528,2014-12-04,b8e2155b75f4ba23ea40ed86267728d264b62730,45d46091c8bb2c102f5ab2b42859097d,text/plain,ASCII text,Java,False,True,False,False,True,False,False,False,False,False,0,0,0,,,,,,,,,,,,,,,,,,,,,,,,,,,,
/junit-4.12-sources.jar-extract/org/junit/experimental/theories/internal/,directory,internal,internal,,0,,,,,,,False,False,False,False,False,False,False,False,False,False,6,0,19614,,,,,,,,,,,,,,,,,,,,,,,,,,,,
/junit-4.12-sources.jar-extract/org/junit/experimental/theories/internal/AllMembersSupplier.java,file,AllMembersSupplier.java,AllMembersSupplier,.java,7788,2014-12-04,495488752cc555ac8ed658696362c7dc3abda284,dfcd0635f51a2895fa637c2426f99f25,text/plain,ASCII text,Java,False,True,False,False,True,False,False,False,False,False,0,0,0,,,,,,,,,,,,,,,,,,,,,,,,,,,,
/junit-4.12-sources.jar-extract/org/junit/experimental/theories/internal/Assignments.java,file,Assignments.java,Assignments,.java,5457,2014-12-04,124b32b9da600aa289f3a0856eea191e2358750f,ed0e13a4606580f4054222c04ed29623,text/plain,ASCII text,Java,False,True,False,False,True,False,False,False,False,False,0,0,0,,,,,,,,,,,,,,,,,,,,,,,,,,,,
/junit-4.12-sources.jar-extract/org/junit/experimental/theories/internal/BooleanSupplier.java,file,BooleanSupplier.java,BooleanSupplier,.java,587,2014-12-04,0f273ac31d7cf38a432de4216b820387d25e0fcd,2d94cc629ec5f551507644208feb4556,text/plain,ASCII text,Java,False,True,False,False,True,False,False,False,False,False,0,0,0,,,,,,,,,,,,,,,,,,,,,,,,,,,,
/junit-4.12-sources.jar-extract/org/junit/experimental/theories/internal/EnumSupplier.java,file,EnumSupplier.java,EnumSupplier,.java,883,2014-12-04,dbef43412916f765d04688ae8c300a7407ef07fd,d761eecb9a5d713cfcbcf9bfbd93c07b,text/plain,ASCII text,Java,False,True,False,False,True,False,False,False,False,False,0,0,0,,,,,,,,,,,,,,,,,,,,,,,,,,,,
/junit-4.12-sources.jar-extract/org/junit/experimental/theories/internal/ParameterizedAssertionError.java,file,ParameterizedAssertionError.java,ParameterizedAssertionError,.java,1488,2014-12-04,729e2bd0dba38c47a041c9105ce399004ac84c8a,6f9cc919233938f3f1d98c33022c1470,text/plain,ASCII text,Java,False,True,False,False,True,False,False,False,False,False,0,0,0,,,,,,,,,,,,,,,,,,,,,,,,,,,,
/junit-4.12-sources.jar-extract/org/junit/experimental/theories/internal/SpecificDataPointsSupplier.java,file,SpecificDataPointsSupplier.java,SpecificDataPointsSupplier,.java,3411,2014-12-04,5d25d2c2b7917f784319182b247ba16df31bbce5,6d6270088d7516bd35e4cfecb9bedeb4,text/plain,ASCII text,Java,False,True,False,False,True,False,False,False,False,False,0,0,0,,,,,,,,,,,,,,,,,,,,,,,,,,,,
/junit-4.12-sources.jar-extract/org/junit/experimental/theories/suppliers/,directory,suppliers,suppliers,,0,,,,,,,False,False,False,False,False,False,False,False,False,False,2,0,1876,,,,,,,,,,,,,,,,,,,,,,,,,,,,
/junit-4.12-sources.jar-extract/org/junit/experimental/theories/suppliers/TestedOn.java,file,TestedOn.java,TestedOn,.java,1001,2014-12-04,74e9ea2e5302c68878a8fc359c171201f4cc0e5a,5b31479f3821ab2565556488708cbfbe,text/plain,ASCII text,Java,False,True,False,False,True,False,False,False,False,False,0,0,0,,,,,,,,,,,,,,,,,,,,,,,,,,,,
/junit-4.12-sources.jar-extract/org/junit/experimental/theories/suppliers/TestedOnSupplier.java,file,TestedOnSupplier.java,TestedOnSupplier,.java,875,2014-12-04,c15722cbc077cf4e8c9f1f9b6118207df1e32e20,1b037d4fdf1c2505122b5e984babf65b,text/plain,ASCII text,Java,False,True,False,False,True,False,False,False,False,False,0,0,0,,,,,,,,,,,,,,,,,,,,,,,,,,,,
/junit-4.12-sources.jar-extract/org/junit/internal/,directory,internal,internal,,0,,,,,,,False,False,False,False,False,False,False,False,False,False,50,7,97130,,,,,,,,,,,,,,,,,,,,,,,,,,,,
/junit-4.12-sources.jar-extract/org/junit/internal/ArrayComparisonFailure.java,file,ArrayComparisonFailure.java,ArrayComparisonFailure,.java,1853,2014-12-04,21fbcb1b18357fa273c3eb6b92a1a21de595c4e5,f96b80bb172c1ffc901c2a93b39e21bd,text/plain,ASCII text,Java,False,True,False,False,True,False,False,False,False,False,0,0,0,,,,,,,,,,,,,,,,,,,,,,,,,,,,
/junit-4.12-sources.jar-extract/org/junit/internal/AssumptionViolatedException.java,file,AssumptionViolatedException.java,AssumptionViolatedException,.java,3535,2014-12-04,eee759aa1a718c5a4d3ea2f6cd6d126ac64a24f1,2223004052acf21ee49b60e1d29cc4dc,text/plain,ASCII text,Java,False,True,False,False,True,False,False,False,False,False,0,0,0,,,,,,,,,,,,,,,,,,,,,,,,,,,,
/junit-4.12-sources.jar-extract/org/junit/internal/Classes.java,file,Classes.java,Classes,.java,552,2014-12-04,f9060d97fe8ea2cd6bb771d97fa65533901e217b,ce55732957224dc53a863d7304678cdd,text/plain,"ASCII text, with CRLF line terminators",Java,False,True,False,False,True,False,False,False,False,False,0,0,0,,,,,,,,,,,,,,,,,,,,,,,,,,,,
/junit-4.12-sources.jar-extract/org/junit/internal/ComparisonCriteria.java,file,ComparisonCriteria.java,ComparisonCriteria,.java,3219,2014-12-04,c378161bf5bd006dbe3a7e8cf9aaeb9b23f44819,138da6fb3e1c7b80d73f76b74d35ef0d,text/plain,ASCII text,Java,False,True,False,False,True,False,False,False,False,False,0,0,0,,,,,,,,,,,,,,,,,,,,,,,,,,,,
/junit-4.12-sources.jar-extract/org/junit/internal/ExactComparisonCriteria.java,file,ExactComparisonCriteria.java,ExactComparisonCriteria,.java,263,2014-12-04,365cc2ac0abacf424e975149827e1a03e364b3d9,b2b4bb87a790012f7ba9e8658773cb7f,text/plain,ASCII text,Java,False,True,False,False,True,False,False,False,False,False,0,0,0,,,,,,,,,,,,,,,,,,,,,,,,,,,,
/junit-4.12-sources.jar-extract/org/junit/internal/InexactComparisonCriteria.java,file,InexactComparisonCriteria.java,InexactComparisonCriteria,.java,649,2014-12-04,bb871ced1b23d8149ed9074c199a4f745cd98da2,2032c92ea1aca426840bf87645b87f57,text/plain,ASCII text,Java,False,True,False,False,True,False,False,False,False,False,0,0,0,,,,,,,,,,,,,,,,,,,,,,,,,,,,
/junit-4.12-sources.jar-extract/org/junit/internal/JUnitSystem.java,file,JUnitSystem.java,JUnitSystem,.java,222,2014-12-04,a39973b04089efbe642cd6e73808b4704063e7e8,98ac4b724c092c7d50bb7164f27c2727,text/plain,ASCII text,Java,False,True,False,False,True,False,False,False,False,False,0,0,0,,,,,,,,,,,,,,,,,,,,,,,,,,,,
/junit-4.12-sources.jar-extract/org/junit/internal/MethodSorter.java,file,MethodSorter.java,MethodSorter,.java,2418,2014-12-04,d11ea69f2f8fc1c9af659f0275f0cec35a077dc7,c591fe9855a77ddebeae9509dadafbf9,text/html,"HTML document, ASCII text",Java,False,True,False,False,True,False,False,False,False,False,0,0,0,,,,,,,,,,,,,,,,,,,,,,,,,,,,
/junit-4.12-sources.jar-extract/org/junit/internal/RealSystem.java,file,RealSystem.java,RealSystem,.java,323,2014-12-04,beba5a17278c46e6830b8b1bc10e7d3b01de8134,b05573fe56c21c5acb788d7c70efeb9f,text/plain,ASCII text,Java,False,True,False,False,True,False,False,False,False,False,0,0,0,,,,,,,,,,,,,,,,,,,,,,,,,,,,
/junit-4.12-sources.jar-extract/org/junit/internal/TextListener.java,file,TextListener.java,TextListener,.java,2766,2014-12-04,1910c23a942be17a3827a5909d749ba493afde25,b2b6122ae82cbafff4d7b3125475999d,text/plain,ASCII text,Java,False,True,False,False,True,False,False,False,False,False,0,0,0,,,,,,,,,,,,,,,,,,,,,,,,,,,,
/junit-4.12-sources.jar-extract/org/junit/internal/Throwables.java,file,Throwables.java,Throwables,.java,1170,2014-12-04,fba146943b93204a4a85e76fd73803e7420386d0,3c6eddda606c22e255a5d3b8ad51223d,text/plain,ASCII text,Java,False,True,False,False,True,False,False,False,False,False,0,0,0,,,,,,,,,,,,,,,,,,,,,,,,,,,,
/junit-4.12-sources.jar-extract/org/junit/internal/Throwables.java,,,,,,,,,,,,,,,,,,,,,,,,,,,,,,,,,,,,,,6,6,,,,,,,,,,,,,kcooney@google.com
/junit-4.12-sources.jar-extract/org/junit/internal/builders/,directory,builders,builders,,0,,,,,,,False,False,False,False,False,False,False,False,False,False,8,0,8594,,,,,,,,,,,,,,,,,,,,,,,,,,,,
/junit-4.12-sources.jar-extract/org/junit/internal/builders/AllDefaultPossibilitiesBuilder.java,file,AllDefaultPossibilitiesBuilder.java,AllDefaultPossibilitiesBuilder,.java,1505,2014-12-04,7083a13cda3bb7618324830cba2d303109766f07,b90ed8737bc6cfabda0cecc946dd09c5,text/plain,ASCII text,Java,False,True,False,False,True,False,False,False,False,False,0,0,0,,,,,,,,,,,,,,,,,,,,,,,,,,,,
/junit-4.12-sources.jar-extract/org/junit/internal/builders/AnnotatedBuilder.java,file,AnnotatedBuilder.java,AnnotatedBuilder,.java,4267,2014-12-04,121ef282601b42221812e76517eb10a2b37ff37d,663841cfbe87261b40abe57ec1babf38,text/plain,ASCII text,Java,False,True,False,False,True,False,False,False,False,False,0,0,0,,,,,,,,,,,,,,,,,,,,,,,,,,,,
/junit-4.12-sources.jar-extract/org/junit/internal/builders/IgnoredBuilder.java,file,IgnoredBuilder.java,IgnoredBuilder,.java,416,2014-12-04,e47a0c0a905c44deedab226e5c53f4572303c182,4f6f874c5c6d2993297e7d234e0de48c,text/plain,ASCII text,Java,False,True,False,False,True,False,False,False,False,False,0,0,0,,,,,,,,,,,,,,,,,,,,,,,,,,,,
/junit-4.12-sources.jar-extract/org/junit/internal/builders/IgnoredClassRunner.java,file,IgnoredClassRunner.java,IgnoredClassRunner,.java,566,2014-12-04,ae0d169e5b23192158e592d51d342f11df7bf87e,eabea682a2f52abf2f74b61f59988ebf,text/plain,ASCII text,Java,False,True,False,False,True,False,False,False,False,False,0,0,0,,,,,,,,,,,,,,,,,,,,,,,,,,,,
/junit-4.12-sources.jar-extract/org/junit/internal/builders/JUnit3Builder.java,file,JUnit3Builder.java,JUnit3Builder,.java,564,2014-12-04,135e733d282a7534d04d7c49bb8f9d522f364c47,03b4fe05e61b7fadb6dae0c7db55536d,text/plain,ASCII text,Java,False,True,False,False,True,False,False,False,False,False,0,0,0,,,,,,,,,,,,,,,,,,,,,,,,,,,,
/junit-4.12-sources.jar-extract/org/junit/internal/builders/JUnit4Builder.java,file,JUnit4Builder.java,JUnit4Builder,.java,364,2014-12-04,6355a4f8960c3927cb16669367468932fa12d2e1,af2dc213dad71a9f210fe2227d5410e9,text/plain,ASCII text,Java,False,True,False,False,True,False,False,False,False,False,0,0,0,,,,,,,,,,,,,,,,,,,,,,,,,,,,
/junit-4.12-sources.jar-extract/org/junit/internal/builders/NullBuilder.java,file,NullBuilder.java,NullBuilder,.java,275,2014-12-04,13a8a255679f3931a67a15940d2632340484e997,bcbdd4f81a638def15be2af08c01dd3d,text/plain,ASCII text,Java,False,True,False,False,True,False,False,False,False,False,0,0,0,,,,,,,,,,,,,,,,,,,,,,,,,,,,
/junit-4.12-sources.jar-extract/org/junit/internal/builders/SuiteMethodBuilder.java,file,SuiteMethodBuilder.java,SuiteMethodBuilder,.java,637,2014-12-04,5b8e39c37c5b84efdcc279ef3503c5a22b4a8393,941e247cbf3f65a83b023b7e89b1802e,text/plain,ASCII text,Java,False,True,False,False,True,False,False,False,False,False,0,0,0,,,,,,,,,,,,,,,,,,,,,,,,,,,,
/junit-4.12-sources.jar-extract/org/junit/internal/matchers/,directory,matchers,matchers,,0,,,,,,,False,False,False,False,False,False,False,False,False,False,4,0,6424,,,,,,,,,,,,,,,,,,,,,,,,,,,,
/junit-4.12-sources.jar-extract/org/junit/internal/matchers/StacktracePrintingMatcher.java,file,StacktracePrintingMatcher.java,StacktracePrintingMatcher,.java,1725,2014-12-04,a288f7ebead0ddbae618563a6c5bd48178796047,e8f86ff6a44780ff28599d53a9989378,text/plain,ASCII text,Java,False,True,False,False,True,False,False,False,False,False,0,0,0,,,,,,,,,,,,,,,,,,,,,,,,,,,,
/junit-4.12-sources.jar-extract/org/junit/internal/matchers/ThrowableCauseMatcher.java,file,ThrowableCauseMatcher.java,ThrowableCauseMatcher,.java,1590,2014-12-04,93723cc5396cdb3c4557de60525a3d133a7074d0,6a7eb61088d86c040ad005082b772454,text/plain,ASCII text,Java,False,True,False,False,True,False,False,False,False,False,0,0,0,,,,,,,,,,,,,,,,,,,,,,,,,,,,
/junit-4.12-sources.jar-extract/org/junit/internal/matchers/ThrowableMessageMatcher.java,file,ThrowableMessageMatcher.java,ThrowableMessageMatcher,.java,1075,2014-12-04,320a26013768a126df975bbcd0d8eb0044bc58a4,7ae063af8562fa53e2b655e48db8f232,text/plain,ASCII text,Java,False,True,False,False,True,False,False,False,False,False,0,0,0,,,,,,,,,,,,,,,,,,,,,,,,,,,,
/junit-4.12-sources.jar-extract/org/junit/internal/matchers/TypeSafeMatcher.java,file,TypeSafeMatcher.java,TypeSafeMatcher,.java,2034,2014-12-04,1b90d61e3185baab609e42d8e51f9c0bf58faf6e,47e31cafd12e3695d099b903fe80c117,text/plain,ASCII text,Java,False,True,False,False,True,False,False,False,False,False,0,0,0,,,,,,,,,,,,,,,,,,,,,,,,,,,,
/junit-4.12-sources.jar-extract/org/junit/internal/matchers/TypeSafeMatcher.java,,,,,,,,,,,,,,,,,,,,,,,,,,,,,,,,,,,,,,12,12,,,,,,,,,,,,,Joe Walnes
/junit-4.12-sources.jar-extract/org/junit/internal/requests/,directory,requests,requests,,0,,,,,,,False,False,False,False,False,False,False,False,False,False,4,0,3398,,,,,,,,,,,,,,,,,,,,,,,,,,,,
/junit-4.12-sources.jar-extract/org/junit/internal/requests/ClassRequest.java,file,ClassRequest.java,ClassRequest,.java,1177,2014-12-04,891d6804f0987adbec48976bd5d3f226e2b0d2d7,b479b28ba3e1aff1b065cfd02ea912ac,text/plain,ASCII text,Java,False,True,False,False,True,False,False,False,False,False,0,0,0,,,,,,,,,,,,,,,,,,,,,,,,,,,,
/junit-4.12-sources.jar-extract/org/junit/internal/requests/FilterRequest.java,file,FilterRequest.java,FilterRequest,.java,1417,2014-12-04,11eef4e77416c115c61726b4cceac3d7566d7adc,0a530db5de57c29d1c0d39b1039198df,text/plain,ASCII text,Java,False,True,False,False,True,False,False,False,False,False,0,0,0,,,,,,,,,,,,,,,,,,,,,,,,,,,,
/junit-4.12-sources.jar-extract/org/junit/internal/requests/package-info.java,file,package-info.java,package-info,.java,126,2014-12-04,38f278a11efcd8df26ac9ab929b5ec2a2750625e,ac376b3cc343c87fa740d15b3654d1aa,text/plain,ASCII text,Java,False,True,False,False,True,False,False,False,False,False,0,0,0,,,,,,,,,,,,,,,,,,,,,,,,,,,,
/junit-4.12-sources.jar-extract/org/junit/internal/requests/SortingRequest.java,file,SortingRequest.java,SortingRequest,.java,678,2014-12-04,186434462d784c14cf705d3290d091de2ab26ab7,e5545b54c98921faeabdd34f22e5b802,text/plain,ASCII text,Java,False,True,False,False,True,False,False,False,False,False,0,0,0,,,,,,,,,,,,,,,,,,,,,,,,,,,,
/junit-4.12-sources.jar-extract/org/junit/internal/runners/,directory,runners,runners,,0,,,,,,,False,False,False,False,False,False,False,False,False,False,23,3,61744,,,,,,,,,,,,,,,,,,,,,,,,,,,,
/junit-4.12-sources.jar-extract/org/junit/internal/runners/ClassRoadie.java,file,ClassRoadie.java,ClassRoadie,.java,2463,2014-12-04,ec016049892e9397b5d4c223d60cf21db1f59b59,e0c544872c4667fdcec624175ac56d0f,text/plain,ASCII text,Java,False,True,False,False,True,False,False,False,False,False,0,0,0,,,,,,,,,,,,,,,,,,,,,,,,,,,,
/junit-4.12-sources.jar-extract/org/junit/internal/runners/ErrorReportingRunner.java,file,ErrorReportingRunner.java,ErrorReportingRunner,.java,2218,2014-12-04,edad253e2b953b02e4fc48747fd8b750085bc671,e142076cfdeed0b38c55363fb54d2576,text/plain,ASCII text,Java,False,True,False,False,True,False,False,False,False,False,0,0,0,,,,,,,,,,,,,,,,,,,,,,,,,,,,
/junit-4.12-sources.jar-extract/org/junit/internal/runners/FailedBefore.java,file,FailedBefore.java,FailedBefore,.java,422,2014-12-04,5323f05bede6ff8f0542544b9e4e931cd77e1f23,77661c2a285c186a6bb7641d4f51eb89,text/x-c++,"C++ source, ASCII text",Java,False,True,False,False,True,False,False,False,False,False,0,0,0,,,,,,,,,,,,,,,,,,,,,,,,,,,,
/junit-4.12-sources.jar-extract/org/junit/internal/runners/InitializationError.java,file,InitializationError.java,InitializationError,.java,930,2014-12-04,332df793f522ff46009ada4befef13b9c1ecd933,15644de3e7234d7b6b27c1a33c5a6372,text/plain,ASCII text,Java,False,True,False,False,True,False,False,False,False,False,0,0,0,,,,,,,,,,,,,,,,,,,,,,,,,,,,
/junit-4.12-sources.jar-extract/org/junit/internal/runners/JUnit38ClassRunner.java,file,JUnit38ClassRunner.java,JUnit38ClassRunner,.java,6164,2014-12-04,0195501397ea34406af67bec9563e74ccdfc722d,2df640e833c9a274bdc7f8e55db5f5b7,text/plain,ASCII text,Java,False,True,False,False,True,False,False,False,False,False,0,0,0,,,,,,,,,,,,,,,,,,,,,,,,,,,,
/junit-4.12-sources.jar-extract/org/junit/internal/runners/JUnit4ClassRunner.java,file,JUnit4ClassRunner.java,JUnit4ClassRunner,.java,4849,2014-12-04,32a732d6376769f62cc568d42928fa3bfbc01c98,bf9d2aac1b6452c853a5865c014de890,text/plain,ASCII text,Java,False,True,False,False,True,False,False,False,False,False,0,0,0,,,,,,,,,,,,,,,,,,,,,,,,,,,,
/junit-4.12-sources.jar-extract/org/junit/internal/runners/MethodRoadie.java,file,MethodRoadie.java,MethodRoadie,.java,5610,2014-12-04,a7c6948d9aebca1439969003e3e0c8f04561d35d,2892be282c6098da245029854f61dff3,text/plain,ASCII text,Java,False,True,False,False,True,False,False,False,False,False,0,0,0,,,,,,,,,,,,,,,,,,,,,,,,,,,,
/junit-4.12-sources.jar-extract/org/junit/internal/runners/MethodValidator.java,file,MethodValidator.java,MethodValidator,.java,3217,2014-12-04,d53aa80366dfb95631182ad30edab694a4afe84b,98e4895c6dc9095e4056ca4bb9f9e3d9,text/plain,ASCII text,Java,False,True,False,False,True,False,False,False,False,False,0,0,0,,,,,,,,,,,,,,,,,,,,,,,,,,,,
/junit-4.12-sources.jar-extract/org/junit/internal/runners/package-info.java,file,package-info.java,package-info,.java,123,2014-12-04,91f627b4941e66c9dacd8a7a0b3ac47574bd3da0,973d7d45e3aab0c4440da39384754830,text/plain,ASCII text,Java,False,True,False,False,True,False,False,False,False,False,0,0,0,,,,,,,,,,,,,,,,,,,,,,,,,,,,
/junit-4.12-sources.jar-extract/org/junit/internal/runners/SuiteMethod.java,file,SuiteMethod.java,SuiteMethod,.java,1219,2014-12-04,5a2f2ee8e530fb21c4c1c9e1368efe5dcb24c138,6e541c51e529837c06de50d871ec01a5,text/plain,ASCII text,Java,False,True,False,False,True,False,False,False,False,False,0,0,0,,,,,,,,,,,,,,,,,,,,,,,,,,,,
/junit-4.12-sources.jar-extract/org/junit/internal/runners/TestClass.java,file,TestClass.java,TestClass,.java,3336,2014-12-04,5832e99343ec71d97adb268e90ef6fa2a4eb9393,aeda318a15f8ba1e67695c6600d3876c,text/plain,ASCII text,Java,False,True,False,False,True,False,False,False,False,False,0,0,0,,,,,,,,,,,,,,,,,,,,,,,,,,,,
/junit-4.12-sources.jar-extract/org/junit/internal/runners/TestMethod.java,file,TestMethod.java,TestMethod,.java,1997,2014-12-04,5f268d990f1dff3118bbde1bd2a8c166f4e73780,eb21c98b02d14ab41a3acef8d7644cf7,text/plain,ASCII text,Java,False,True,False,False,True,False,False,False,False,False,0,0,0,,,,,,,,,,,,,,,,,,,,,,,,,,,,
/junit-4.12-sources.jar-extract/org/junit/internal/runners/model/,directory,model,model,,0,,,,,,,False,False,False,False,False,False,False,False,False,False,3,0,2350,,,,,,,,,,,,,,,,,,,,,,,,,,,,
/junit-4.12-sources.jar-extract/org/junit/internal/runners/model/EachTestNotifier.java,file,EachTestNotifier.java,EachTestNotifier,.java,1482,2014-12-04,91a8fa46c36c8a859fbe5992a701648704709dbe,de7f21f02999be4cb70cbf5ac9bb2a9b,text/plain,ASCII text,Java,False,True,False,False,True,False,False,False,False,False,0,0,0,,,,,,,,,,,,,,,,,,,,,,,,,,,,
/junit-4.12-sources.jar-extract/org/junit/internal/runners/model/MultipleFailureException.java,file,MultipleFailureException.java,MultipleFailureException,.java,323,2014-12-04,9e8b18f5ada23c63a698569774ab4b14a52c3a18,b9841f80c8fc937a1a3ec7132383e282,text/plain,ASCII text,Java,False,True,False,False,True,False,False,False,False,False,0,0,0,,,,,,,,,,,,,,,,,,,,,,,,,,,,
/junit-4.12-sources.jar-extract/org/junit/internal/runners/model/ReflectiveCallable.java,file,ReflectiveCallable.java,ReflectiveCallable,.java,545,2014-12-04,bc04072ebac93c61df9d8112ef0c7cbbb97cc0c6,910d25715770a9eeb7390dabf856620f,text/plain,ASCII text,Java,False,True,False,False,True,False,False,False,False,False,0,0,0,,,,,,,,,,,,,,,,,,,,,,,,,,,,
/junit-4.12-sources.jar-extract/org/junit/internal/runners/rules/,directory,rules,rules,,0,,,,,,,False,False,False,False,False,False,False,False,False,False,2,0,11189,,,,,,,,,,,,,,,,,,,,,,,,,,,,
/junit-4.12-sources.jar-extract/org/junit/internal/runners/rules/RuleMemberValidator.java,file,RuleMemberValidator.java,RuleMemberValidator,.java,10792,2014-12-04,d27b36e9128b36fc72629223600f67005885b12a,10c6fb9e9e15a56a120cabea586939c8,text/plain,ASCII text,Java,False,True,False,False,True,False,False,False,False,False,0,0,0,,,,,,,,,,,,,,,,,,,,,,,,,,,,
/junit-4.12-sources.jar-extract/org/junit/internal/runners/rules/ValidationError.java,file,ValidationError.java,ValidationError,.java,397,2014-12-04,498e77498e2c4b3f7c3a0df49dc19cfdadfefed0,fbaf331fe65ddc0901ddc95864735bc0,text/x-c++,"C++ source, ASCII text",Java,False,True,False,False,True,False,False,False,False,False,0,0,0,,,,,,,,,,,,,,,,,,,,,,,,,,,,
/junit-4.12-sources.jar-extract/org/junit/internal/runners/statements/,directory,statements,statements,,0,,,,,,,False,False,False,False,False,False,False,False,False,False,6,0,15657,,,,,,,,,,,,,,,,,,,,,,,,,,,,
/junit-4.12-sources.jar-extract/org/junit/internal/runners/statements/ExpectException.java,file,ExpectException.java,ExpectException,.java,1163,2014-12-04,73b431277dd76fae267d4e2e15c8ca72a3a039fa,8da702463b19402bfb2761cf3f3af3c7,text/plain,ASCII text,Java,False,True,False,False,True,False,False,False,False,False,0,0,0,,,,,,,,,,,,,,,,,,,,,,,,,,,,
/junit-4.12-sources.jar-extract/org/junit/internal/runners/statements/Fail.java,file,Fail.java,Fail,.java,311,2014-12-04,65368dc568180a57cba258063f05898e2c965227,fce3670e9ca183121382e4503e98da03,text/plain,ASCII text,Java,False,True,False,False,True,False,False,False,False,False,0,0,0,,,,,,,,,,,,,,,,,,,,,,,,,,,,
/junit-4.12-sources.jar-extract/org/junit/internal/runners/statements/FailOnTimeout.java,file,FailOnTimeout.java,FailOnTimeout,.java,11826,2014-12-04,eed040abccb5231dd6d4ee642ac3938aed594c90,182e8db679ec4ce4c2ef4787546723e4,text/plain,ASCII text,Java,False,True,False,False,True,False,False,False,False,False,0,0,0,,,,,,,,,,,,,,,,,,,,,,,,,,,,
/junit-4.12-sources.jar-extract/org/junit/internal/runners/statements/InvokeMethod.java,file,InvokeMethod.java,InvokeMethod,.java,522,2014-12-04,73e51cce234d96679e5f5ee2abea58fd0ab13d33,6d3ff3c38f1d03a98b1842f1f86f1241,text/plain,ASCII text,Java,False,True,False,False,True,False,False,False,False,False,0,0,0,,,,,,,,,,,,,,,,,,,,,,,,,,,,
/junit-4.12-sources.jar-extract/org/junit/internal/runners/statements/RunAfters.java,file,RunAfters.java,RunAfters,.java,1131,2014-12-04,00234c8ac5253170624a967e8683eefd92fb3cf8,064b5b4ad25522654836290a5fccca96,text/plain,ASCII text,Java,False,True,False,False,True,False,False,False,False,False,0,0,0,,,,,,,,,,,,,,,,,,,,,,,,,,,,
/junit-4.12-sources.jar-extract/org/junit/internal/runners/statements/RunBefores.java,file,RunBefores.java,RunBefores,.java,704,2014-12-04,eee2460f61e353cd525da031fc73078b5dfbc344,425d15794c0b14201b4fe01904f21631,text/plain,ASCII text,Java,False,True,False,False,True,False,False,False,False,False,0,0,0,,,,,,,,,,,,,,,,,,,,,,,,,,,,
/junit-4.12-sources.jar-extract/org/junit/matchers/,directory,matchers,matchers,,0,,,,,,,False,False,False,False,False,False,False,False,False,False,2,0,4560,,,,,,,,,,,,,,,,,,,,,,,,,,,,
/junit-4.12-sources.jar-extract/org/junit/matchers/JUnitMatchers.java,file,JUnitMatchers.java,JUnitMatchers,.java,4308,2014-12-04,76a2dd915cd7ea5a09bea3db99349a607860a8fc,ecbc66721fb6f5a0e32449b94263186d,text/plain,ASCII text,Java,False,True,False,False,True,False,False,False,False,False,0,0,0,,,,,,,,,,,,,,,,,,,,,,,,,,,,
/junit-4.12-sources.jar-extract/org/junit/matchers/package-info.java,file,package-info.java,package-info,.java,252,2014-12-04,c0078abe65664485ecd379e1bb63f0c76ff7dbe6,fd0ae61c46f51ff0d38584a328dfc0c0,text/plain,ASCII text,Java,False,True,False,False,True,False,False,False,False,False,0,0,0,,,,,,,,,,,,,,,,,,,,,,,,,,,,
/junit-4.12-sources.jar-extract/org/junit/rules/,directory,rules,rules,,0,,,,,,,False,False,False,False,False,False,False,False,False,False,16,0,53925,,,,,,,,,,,,,,,,,,,,,,,,,,,,
/junit-4.12-sources.jar-extract/org/junit/rules/DisableOnDebug.java,file,DisableOnDebug.java,DisableOnDebug,.java,4137,2014-12-04,622c24cf67f69be4feb88761f246d94c7bd3632f,f9c791387ab6d49bf0cbf7d989f8291f,text/html,"HTML document, ASCII text",Java,False,True,False,False,True,False,False,False,False,False,0,0,0,,,,,,,,,,,,,,,,,,,,,,,,,,,,
/junit-4.12-sources.jar-extract/org/junit/rules/ErrorCollector.java,file,ErrorCollector.java,ErrorCollector,.java,2652,2014-12-04,e5d9238bd9894bb2a522cb62ce41fe87a4bab18e,041277a1699b47e9458d969b46154fcd,text/plain,ASCII text,Java,False,True,False,False,True,False,False,False,False,False,0,0,0,,,,,,,,,,,,,,,,,,,,,,,,,,,,
/junit-4.12-sources.jar-extract/org/junit/rules/ExpectedException.java,file,ExpectedException.java,ExpectedException,.java,9434,2014-12-04,a90de76cf3675260e939683c802f35394091bd8f,27aa851b46593fd6069a741e1a546618,text/plain,ASCII text,Java,False,True,False,False,True,False,False,False,False,False,0,0,0,,,,,,,,,,,,,,,,,,,,,,,,,,,,
/junit-4.12-sources.jar-extract/org/junit/rules/ExpectedExceptionMatcherBuilder.java,file,ExpectedExceptionMatcherBuilder.java,ExpectedExceptionMatcherBuilder,.java,1179,2014-12-04,94e823139c9355d05d7a83c3c5705c2dfddee791,adf22f90634db77f7e10e585cb4a4399,text/x-c++,"C++ source, ASCII text",Java,False,True,False,False,True,False,False,False,False,False,0,0,0,,,,,,,,,,,,,,,,,,,,,,,,,,,,
/junit-4.12-sources.jar-extract/org/junit/rules/ExternalResource.java,file,ExternalResource.java,ExternalResource,.java,1741,2014-12-04,ea1f1654d576785fe2ac4fb257a10234d05c3eb4,18daffb7485820c9d1b6c46c5318072a,text/plain,ASCII text,Java,False,True,False,False,True,False,False,False,False,False,0,0,0,,,,,,,,,,,,,,,,,,,,,,,,,,,,
/junit-4.12-sources.jar-extract/org/junit/rules/MethodRule.java,file,MethodRule.java,MethodRule,.java,1955,2014-12-04,e8c07c59ca649b44b82c1e14d517e35e6b44dbbc,a7034e3ef7890a8cd22eb186fffac345,text/plain,ASCII text,Java,False,True,False,False,True,False,False,False,False,False,0,0,0,,,,,,,,,,,,,,,,,,,,,,,,,,,,
/junit-4.12-sources.jar-extract/org/junit/rules/RuleChain.java,file,RuleChain.java,RuleChain,.java,2768,2014-12-04,8239fe26e7f0ac637396faf1bebc4fde33c49d2a,440da77e88c344fcb6e9cc6512f67828,text/plain,ASCII text,Java,False,True,False,False,True,False,False,False,False,False,0,0,0,,,,,,,,,,,,,,,,,,,,,,,,,,,,
/junit-4.12-sources.jar-extract/org/junit/rules/RunRules.java,file,RunRules.java,RunRules,.java,762,2014-12-04,5424a76bca62ff292b415d8e393a8cb5354a1c6d,7e315b89b2c0631d2999947e2bdc74ff,text/plain,ASCII text,Java,False,True,False,False,True,False,False,False,False,False,0,0,0,,,,,,,,,,,,,,,,,,,,,,,,,,,,
/junit-4.12-sources.jar-extract/org/junit/rules/Stopwatch.java,file,Stopwatch.java,Stopwatch,.java,5268,2014-12-04,25d0b5208ed16a46d5c011ed588750af29e8fa71,a7810cd7b1ffbb7d2d2cc068a9fa0179,text/plain,ASCII text,Java,False,True,False,False,True,False,False,False,False,False,0,0,0,,,,,,,,,,,,,,,,,,,,,,,,,,,,
/junit-4.12-sources.jar-extract/org/junit/rules/TemporaryFolder.java,file,TemporaryFolder.java,TemporaryFolder,.java,4977,2014-12-04,6dc89bac30e206e13c4862f5f460d74de6e7f77c,32abc088dbcc23f17e149ff0e1bced45,text/plain,ASCII text,Java,False,True,False,False,True,False,False,False,False,False,0,0,0,,,,,,,,,,,,,,,,,,,,,,,,,,,,
/junit-4.12-sources.jar-extract/org/junit/rules/TestName.java,file,TestName.java,TestName,.java,828,2014-12-04,0df5bbe0ac8a2ad9619065ec6f3d96e4a185f311,77d0bbf8b64454e8d3a6d55db3594c3e,text/plain,ASCII text,Java,False,True,False,False,True,False,False,False,False,False,0,0,0,,,,,,,,,,,,,,,,,,,,,,,,,,,,
/junit-4.12-sources.jar-extract/org/junit/rules/TestRule.java,file,TestRule.java,TestRule,.java,2683,2014-12-04,d9ec1abca6bb58229e99b25256ed2f21e70f278b,3482515072695ea49845374cfd06d159,text/plain,ASCII text,Java,False,True,False,False,True,False,False,False,False,False,0,0,0,,,,,,,,,,,,,,,,,,,,,,,,,,,,
/junit-4.12-sources.jar-extract/org/junit/rules/TestWatcher.java,file,TestWatcher.java,TestWatcher,.java,4787,2014-12-04,421fea8dd46d789727007ac3d6eb023d3b49d683,8cb851b7289cc7ecb57b4bec42fcd008,text/plain,ASCII text,Java,False,True,False,False,True,False,False,False,False,False,0,0,0,,,,,,,,,,,,,,,,,,,,,,,,,,,,
/junit-4.12-sources.jar-extract/org/junit/rules/TestWatchman.java,file,TestWatchman.java,TestWatchman,.java,2419,2014-12-04,7d845071ee345f02b264ef798ac7b2cf538cc01a,946b9d695f551928b68a73cd44ec67d0,text/plain,ASCII text,Java,False,True,False,False,True,False,False,False,False,False,0,0,0,,,,,,,,,,,,,,,,,,,,,,,,,,,,
/junit-4.12-sources.jar-extract/org/junit/rules/Timeout.java,file,Timeout.java,Timeout,.java,7077,2014-12-04,b55417665bfa100529716fdc0079e60d9fe2edb2,5ab85186087d770cbbefa1292ad02172,text/plain,ASCII text,Java,False,True,False,False,True,False,False,False,False,False,0,0,0,,,,,,,,,,,,,,,,,,,,,,,,,,,,
/junit-4.12-sources.jar-extract/org/junit/rules/Verifier.java,file,Verifier.java,Verifier,.java,1258,2014-12-04,cd2422a96e0cfe8ead6e13dd77ee48aa6f10dcf8,12882adfa82430636d305903573f0923,text/plain,ASCII text,Java,False,True,False,False,True,False,False,False,False,False,0,0,0,,,,,,,,,,,,,,,,,,,,,,,,,,,,
/junit-4.12-sources.jar-extract/org/junit/runner/,directory,runner,runner,,0,,,,,,,False,False,False,False,False,False,False,False,False,False,25,2,68917,,,,,,,,,,,,,,,,,,,,,,,,,,,,
/junit-4.12-sources.jar-extract/org/junit/runner/Computer.java,file,Computer.java,Computer,.java,1299,2014-12-04,9fa4d0a916286bb2ee67509df33bc580b7e30b01,b291bb7995b2c8ac1ed5e704d13a0d51,text/plain,ASCII text,Java,False,True,False,False,True,False,False,False,False,False,0,0,0,,,,,,,,,,,,,,,,,,,,,,,,,,,,
/junit-4.12-sources.jar-extract/org/junit/runner/Describable.java,file,Describable.java,Describable,.java,281,2014-12-04,71844a8fe324a0df0704df076323947cea59fee4,f6e573e398453915b14bb0784553e4a1,text/plain,ASCII text,Java,False,True,False,False,True,False,False,False,False,False,0,0,0,,,,,,,,,,,,,,,,,,,,,,,,,,,,
/junit-4.12-sources.jar-extract/org/junit/runner/Description.java,file,Description.java,Description,.java,11798,2014-12-04,224060501cac5770eed1d8fc4384d01b69558740,3b7c720a9a141ce4fdb9ad7df194044d,text/plain,ASCII text,Java,False,True,False,False,True,False,False,False,False,False,0,0,0,,,,,,,,,,,,,,,,,,,,,,,,,,,,
/junit-4.12-sources.jar-extract/org/junit/runner/FilterFactories.java,file,FilterFactories.java,FilterFactories,.java,3044,2014-12-04,c23405341feb699f013df0fffac09336a5cef02b,28715134a26f643d1f0bbe2f3fe74c3f,text/x-c++,"C++ source, ASCII text, with CRLF line terminators",Java,False,True,False,False,True,False,False,False,False,False,0,0,0,,,,,,,,,,,,,,,,,,,,,,,,,,,,
/junit-4.12-sources.jar-extract/org/junit/runner/FilterFactory.java,file,FilterFactory.java,FilterFactory,.java,751,2014-12-04,a53ceb3faf9640a4677965481d4f00e538249ef4,65698735d8f231c3cd26d57f3b91f58f,text/plain,"ASCII text, with CRLF line terminators",Java,False,True,False,False,True,False,False,False,False,False,0,0,0,,,,,,,,,,,,,,,,,,,,,,,,,,,,
/junit-4.12-sources.jar-extract/org/junit/runner/FilterFactoryParams.java,file,FilterFactoryParams.java,FilterFactoryParams,.java,610,2014-12-04,e25afadfd96778380d0a890dad2398196f1fca37,80073a2b21df3f02938604e9f2eead65,text/plain,"ASCII text, with CRLF line terminators",Java,False,True,False,False,True,False,False,False,False,False,0,0,0,,,,,,,,,,,,,,,,,,,,,,,,,,,,
/junit-4.12-sources.jar-extract/org/junit/runner/JUnitCommandLineParseResult.java,file,JUnitCommandLineParseResult.java,JUnitCommandLineParseResult,.java,4758,2014-12-04,b7e9aca83f7a5f96acce0b3b0b090ff73ab5ba0f,ac891c91abb81d0244c0f38525f73476,text/x-c++,"C++ source, ASCII text, with CRLF line terminators",Java,False,True,False,False,True,False,False,False,False,False,0,0,0,,,,,,,,,,,,,,,,,,,,,,,,,,,,
/junit-4.12-sources.jar-extract/org/junit/runner/JUnitCore.java,file,JUnitCore.java,JUnitCore,.java,5843,2014-12-04,928913dda2ddb87980507c21ca87fa11969f8acb,b0dc281bcbdeb0e4756fbcf90546153e,text/x-c,"C source, ASCII text",Java,False,True,False,False,True,False,False,False,False,False,0,0,0,,,,,,,,,,,,,,,,,,,,,,,,,,,,
/junit-4.12-sources.jar-extract/org/junit/runner/package-info.java,file,package-info.java,package-info,.java,129,2014-12-04,b865bf9c8a7e013e6cec53c44aa7e91b01408f00,ad9343e3027622a1715ce558d19a90b6,text/plain,ASCII text,Java,False,True,False,False,True,False,False,False,False,False,0,0,0,,,,,,,,,,,,,,,,,,,,,,,,,,,,
/junit-4.12-sources.jar-extract/org/junit/runner/Request.java,file,Request.java,Request,.java,6473,2014-12-04,2a522952d6646b29a5b068e6281a3aff9b3deab0,37b20bc57c11d492ddbb0f1084618be1,text/x-c,"C source, ASCII text",Java,False,True,False,False,True,False,False,False,False,False,0,0,0,,,,,,,,,,,,,,,,,,,,,,,,,,,,
/junit-4.12-sources.jar-extract/org/junit/runner/Result.java,file,Result.java,Result,.java,6405,2014-12-04,61aee1e42734403319e9b57bd6aedcb271057ac9,f03293a052445cd86ef5642b63b495c2,text/plain,ASCII text,Java,False,True,False,False,True,False,False,False,False,False,0,0,0,,,,,,,,,,,,,,,,,,,,,,,,,,,,
/junit-4.12-sources.jar-extract/org/junit/runner/Runner.java,file,Runner.java,Runner,.java,1520,2014-12-04,19dddc37ae73a46664b7296a1dae7c956c3dcb3f,6a5230d1431f8a2ffb2fd936c754dc2c,text/plain,ASCII text,Java,False,True,False,False,True,False,False,False,False,False,0,0,0,,,,,,,,,,,,,,,,,,,,,,,,,,,,
/junit-4.12-sources.jar-extract/org/junit/runner/RunWith.java,file,RunWith.java,RunWith,.java,1221,2014-12-04,85813cb5930664050c3b23c7448714d85f59fa53,dd5fd951bfcc6a9f9ec1a3c827e6195e,text/plain,ASCII text,Java,False,True,False,False,True,False,False,False,False,False,0,0,0,,,,,,,,,,,,,,,,,,,,,,,,,,,,
/junit-4.12-sources.jar-extract/org/junit/runner/manipulation/,directory,manipulation,manipulation,,0,,,,,,,False,False,False,False,False,False,False,False,False,False,6,0,6953,,,,,,,,,,,,,,,,,,,,,,,,,,,,
/junit-4.12-sources.jar-extract/org/junit/runner/manipulation/Filter.java,file,Filter.java,Filter,.java,3946,2014-12-04,8c9686ee0878952a2de28203d0f59cd3c9c52c1e,fa48af75d87b60c144b977f2c50ed797,text/plain,ASCII text,Java,False,True,False,False,True,False,False,False,False,False,0,0,0,,,,,,,,,,,,,,,,,,,,,,,,,,,,
/junit-4.12-sources.jar-extract/org/junit/runner/manipulation/Filterable.java,file,Filterable.java,Filterable,.java,518,2014-12-04,372a3ee9eee82d649f7f1412af1801adf3f3356f,1ca5d5e3faa1e1651a3681ed2f6e9347,text/plain,ASCII text,Java,False,True,False,False,True,False,False,False,False,False,0,0,0,,,,,,,,,,,,,,,,,,,,,,,,,,,,
/junit-4.12-sources.jar-extract/org/junit/runner/manipulation/NoTestsRemainException.java,file,NoTestsRemainException.java,NoTestsRemainException,.java,233,2014-12-04,e8bfb24064374dc24c81a070d38bf54ba706e2ce,0e373f8c6ed539b6ca3fb5c43fc94119,text/plain,ASCII text,Java,False,True,False,False,True,False,False,False,False,False,0,0,0,,,,,,,,,,,,,,,,,,,,,,,,,,,,
/junit-4.12-sources.jar-extract/org/junit/runner/manipulation/package-info.java,file,package-info.java,package-info,.java,230,2014-12-04,6c4b1f471240d9bfb6883da03995306df2e459e6,17d0b7fcd752747c3977daa01eb830d3,text/plain,ASCII text,Java,False,True,False,False,True,False,False,False,False,False,0,0,0,,,,,,,,,,,,,,,,,,,,,,,,,,,,
/junit-4.12-sources.jar-extract/org/junit/runner/manipulation/Sortable.java,file,Sortable.java,Sortable,.java,653,2014-12-04,b0f5706bfacfa4ce00e800c98fd2a43485004c8c,ffa044376c6235bdf3a69be269d923d9,text/plain,ASCII text,Java,False,True,False,False,True,False,False,False,False,False,0,0,0,,,,,,,,,,,,,,,,,,,,,,,,,,,,
/junit-4.12-sources.jar-extract/org/junit/runner/manipulation/Sorter.java,file,Sorter.java,Sorter,.java,1373,2014-12-04,f9567724ca9e2875cd059494a22bafc41894f8b1,e8b54279c30fbb22b5b54d195abca464,text/plain,ASCII text,Java,False,True,False,False,True,False,False,False,False,False,0,0,0,,,,,,,,,,,,,,,,,,,,,,,,,,,,
/junit-4.12-sources.jar-extract/org/junit/runner/notification/,directory,notification,notification,,0,,,,,,,False,False,False,False,False,False,False,False,False,False,6,0,17832,,,,,,,,,,,,,,,,,,,,,,,,,,,,
/junit-4.12-sources.jar-extract/org/junit/runner/notification/Failure.java,file,Failure.java,Failure,.java,2513,2014-12-04,52622fc646bab3b6806df0b767ee7bb87280af8e,af8578565856fb24acd0a4837c5f44ad,text/plain,ASCII text,Java,False,True,False,False,True,False,False,False,False,False,0,0,0,,,,,,,,,,,,,,,,,,,,,,,,,,,,
/junit-4.12-sources.jar-extract/org/junit/runner/notification/package-info.java,file,package-info.java,package-info,.java,105,2014-12-04,099e9be96973dfe65dda55356e75442f59054903,badb407dee004617ddbc3ed78e366eb1,text/plain,ASCII text,Java,False,True,False,False,True,False,False,False,False,False,0,0,0,,,,,,,,,,,,,,,,,,,,,,,,,,,,
/junit-4.12-sources.jar-extract/org/junit/runner/notification/RunListener.java,file,RunListener.java,RunListener,.java,4782,2014-12-04,b3e6c0eb614114a2efdcb751c56fedebbd3799a3,1c171556ddfdf3fbed24f78a4f1d0b7f,text/x-c,"C source, ASCII text",Java,False,True,False,False,True,False,False,False,False,False,0,0,0,,,,,,,,,,,,,,,,,,,,,,,,,,,,
/junit-4.12-sources.jar-extract/org/junit/runner/notification/RunNotifier.java,file,RunNotifier.java,RunNotifier,.java,7171,2014-12-04,1d5321bf53d34834169dfec3f9d3124448ad304d,93caa694500d0744551594a55df9878f,text/plain,ASCII text,Java,False,True,False,False,True,False,False,False,False,False,0,0,0,,,,,,,,,,,,,,,,,,,,,,,,,,,,
/junit-4.12-sources.jar-extract/org/junit/runner/notification/StoppedByUserException.java,file,StoppedByUserException.java,StoppedByUserException,.java,392,2014-12-04,2a7f9c927bb4a5cd28dda0da4f37abf4d713009e,c9bdc768741dbbb3401f900d9fa83f7e,text/plain,ASCII text,Java,False,True,False,False,True,False,False,False,False,False,0,0,0,,,,,,,,,,,,,,,,,,,,,,,,,,,,
/junit-4.12-sources.jar-extract/org/junit/runner/notification/SynchronizedRunListener.java,file,SynchronizedRunListener.java,SynchronizedRunListener,.java,2869,2014-12-04,96c2cd65b146b48df9a0be4733bfbc29219921c7,1e525b826089b3b5f2cd1fdc90406476,text/plain,ASCII text,Java,False,True,False,False,True,False,False,False,False,False,0,0,0,,,,,,,,,,,,,,,,,,,,,,,,,,,,
/junit-4.12-sources.jar-extract/org/junit/runner/notification/SynchronizedRunListener.java,,,,,,,,,,,,,,,,,,,,,,,,,,,,,,,,,,,,,,16,16,,,,,,,,,,,,,Tibor Digana
/junit-4.12-sources.jar-extract/org/junit/runner/notification/SynchronizedRunListener.java,,,,,,,,,,,,,,,,,,,,,,,,,,,,,,,,,,,,,,16,16,,,,,,,,,,,,,Kevin Cooney
/junit-4.12-sources.jar-extract/org/junit/runners/,directory,runners,runners,,0,,,,,,,False,False,False,False,False,False,False,False,False,False,24,2,93258,,,,,,,,,,,,,,,,,,,,,,,,,,,,
/junit-4.12-sources.jar-extract/org/junit/runners/AllTests.java,file,AllTests.java,AllTests,.java,611,2014-12-04,93147cadd4789cd48fed466b6602a77bfffd304e,b7c9baf6d89c9af4242ade4389124f7f,text/plain,ASCII text,Java,False,True,False,False,True,False,False,False,False,False,0,0,0,,,,,,,,,,,,,,,,,,,,,,,,,,,,
/junit-4.12-sources.jar-extract/org/junit/runners/BlockJUnit4ClassRunner.java,file,BlockJUnit4ClassRunner.java,BlockJUnit4ClassRunner,.java,16400,2014-12-04,9ee63cfaefcc2da8b21dd1a6a8237aba74b0dce0,0069ab4140cdb7ad9f45d6e23a0301ba,text/plain,ASCII text,Java,False,True,False,False,True,False,False,False,False,False,0,0,0,,,,,,,,,,,,,,,,,,,,,,,,,,,,
/junit-4.12-sources.jar-extract/org/junit/runners/JUnit4.java,file,JUnit4.java,JUnit4,.java,881,2014-12-04,32f66b302bf80039f74b23bcc8b50d8b804e231d,becc990df8f441286e383e6ab222c728,text/plain,ASCII text,Java,False,True,False,False,True,False,False,False,False,False,0,0,0,,,,,,,,,,,,,,,,,,,,,,,,,,,,
/junit-4.12-sources.jar-extract/org/junit/runners/MethodSorters.java,file,MethodSorters.java,MethodSorters,.java,1023,2014-12-04,d33dd85bea17be0a04404a72a37ba29b93528997,0210446b1360a53ac380e7120e507452,text/plain,ASCII text,Java,False,True,False,False,True,False,False,False,False,False,0,0,0,,,,,,,,,,,,,,,,,,,,,,,,,,,,
/junit-4.12-sources.jar-extract/org/junit/runners/package-info.java,file,package-info.java,package-info,.java,209,2014-12-04,14fde3609c0aeb0f38c6bac5b332dd6829ee817d,c894d3c1e103932ef1a217febf80ecde,text/plain,ASCII text,Java,False,True,False,False,True,False,False,False,False,False,0,0,0,,,,,,,,,,,,,,,,,,,,,,,,,,,,
/junit-4.12-sources.jar-extract/org/junit/runners/Parameterized.java,file,Parameterized.java,Parameterized,.java,12604,2014-12-04,2e335115cc5fc1ec672e7bb6ee4a5edd4c8269a4,fa5130d8ea6bc821882f22b9a9aec674,text/plain,ASCII text,Java,False,True,False,False,True,False,False,False,False,False,0,0,0,,,,,,,,,,,,,,,,,,,,,,,,,,,,
/junit-4.12-sources.jar-extract/org/junit/runners/ParentRunner.java,file,ParentRunner.java,ParentRunner,.java,16012,2014-12-04,79ee46d623c2925a8ee64f957e91a6b52e1a38ed,061913dd7114fdf299f261574f977d56,text/plain,ASCII text,Java,False,True,False,False,True,False,False,False,False,False,0,0,0,,,,,,,,,,,,,,,,,,,,,,,,,,,,
/junit-4.12-sources.jar-extract/org/junit/runners/Suite.java,file,Suite.java,Suite,.java,4585,2014-12-04,f9f83f22be4dd074022ada730fc3898bd1fd9a84,261dc53dfbc5d243a1caed86d08b85ca,text/plain,ASCII text,Java,False,True,False,False,True,False,False,False,False,False,0,0,0,,,,,,,,,,,,,,,,,,,,,,,,,,,,
/junit-4.12-sources.jar-extract/org/junit/runners/model/,directory,model,model,,0,,,,,,,False,False,False,False,False,False,False,False,False,False,12,0,32093,,,,,,,,,,,,,,,,,,,,,,,,,,,,
/junit-4.12-sources.jar-extract/org/junit/runners/model/Annotatable.java,file,Annotatable.java,Annotatable,.java,451,2014-12-04,22313f78cee5b760887e019980e37912857c0f56,97a5284c30ab7b13e70c5afa6b420154,text/plain,ASCII text,Java,False,True,False,False,True,False,False,False,False,False,0,0,0,,,,,,,,,,,,,,,,,,,,,,,,,,,,
/junit-4.12-sources.jar-extract/org/junit/runners/model/FrameworkField.java,file,FrameworkField.java,FrameworkField,.java,1940,2014-12-04,63e1ecbcf93f0347edb3fcf44009675879e2be18,0a0e53e397206bf1d030ca8e85934431,text/plain,ASCII text,Java,False,True,False,False,True,False,False,False,False,False,0,0,0,,,,,,,,,,,,,,,,,,,,,,,,,,,,
/junit-4.12-sources.jar-extract/org/junit/runners/model/FrameworkMember.java,file,FrameworkMember.java,FrameworkMember,.java,1044,2014-12-04,c4991652fb266691c468747dfd2968f2b3e82b95,7f0232a812b010956771c7620624a1f2,text/plain,ASCII text,Java,False,True,False,False,True,False,False,False,False,False,0,0,0,,,,,,,,,,,,,,,,,,,,,,,,,,,,
/junit-4.12-sources.jar-extract/org/junit/runners/model/FrameworkMethod.java,file,FrameworkMethod.java,FrameworkMethod,.java,6047,2014-12-04,29c604bd7e6a1c02f608809209a53642ed5c9537,d62c3a592d343a53fabbf737e28286bd,text/plain,ASCII text,Java,False,True,False,False,True,False,False,False,False,False,0,0,0,,,,,,,,,,,,,,,,,,,,,,,,,,,,
/junit-4.12-sources.jar-extract/org/junit/runners/model/InitializationError.java,file,InitializationError.java,InitializationError,.java,1204,2014-12-04,e44d84b46711f845784d5538776ec37685909dcf,20258d5384c69d3a75f01ba6bc3a7111,text/plain,ASCII text,Java,False,True,False,False,True,False,False,False,False,False,0,0,0,,,,,,,,,,,,,,,,,,,,,,,,,,,,
/junit-4.12-sources.jar-extract/org/junit/runners/model/MultipleFailureException.java,file,MultipleFailureException.java,MultipleFailureException,.java,2228,2014-12-04,fe72eeabacaff49c174e9c607a4dd600aacfde7a,aba4becf8b8bcb30cb9e0463264b1b28,text/plain,ASCII text,Java,False,True,False,False,True,False,False,False,False,False,0,0,0,,,,,,,,,,,,,,,,,,,,,,,,,,,,
/junit-4.12-sources.jar-extract/org/junit/runners/model/NoGenericTypeParametersValidator.java,file,NoGenericTypeParametersValidator.java,NoGenericTypeParametersValidator,.java,2193,2014-12-04,c27defb394210e1d70cce05625e79001709e3199,a33deed7784c06c4cb8ec1933b8205f1,text/x-c++,"C++ source, ASCII text",Java,False,True,False,False,True,False,False,False,False,False,0,0,0,,,,,,,,,,,,,,,,,,,,,,,,,,,,
/junit-4.12-sources.jar-extract/org/junit/runners/model/RunnerBuilder.java,file,RunnerBuilder.java,RunnerBuilder,.java,3411,2014-12-04,60a17a0b1c71620914a8d40f18a974f76df15051,4fe214dcde4a244fa2263c0776cd7eb0,text/plain,ASCII text,Java,False,True,False,False,True,False,False,False,False,False,0,0,0,,,,,,,,,,,,,,,,,,,,,,,,,,,,
/junit-4.12-sources.jar-extract/org/junit/runners/model/RunnerScheduler.java,file,RunnerScheduler.java,RunnerScheduler,.java,550,2014-12-04,741ca991725f870e3eedcfd16fd27c70b1346762,d6757a64f7f10d78d0c7c368d30385b3,text/plain,ASCII text,Java,False,True,False,False,True,False,False,False,False,False,0,0,0,,,,,,,,,,,,,,,,,,,,,,,,,,,,
/junit-4.12-sources.jar-extract/org/junit/runners/model/Statement.java,file,Statement.java,Statement,.java,346,2014-12-04,5027395838f95b1f6251201eda5b135f14b7d286,5a6ce36aae6a7053389ef0367fd3001f,text/plain,ASCII text,Java,False,True,False,False,True,False,False,False,False,False,0,0,0,,,,,,,,,,,,,,,,,,,,,,,,,,,,
/junit-4.12-sources.jar-extract/org/junit/runners/model/TestClass.java,file,TestClass.java,TestClass,.java,11544,2014-12-04,162ee095003d041ec57dc2279b43ccbb2afe45c5,30ec35413567bb658852f7426be533a2,text/plain,ASCII text,Java,False,True,False,False,True,False,False,False,False,False,0,0,0,,,,,,,,,,,,,,,,,,,,,,,,,,,,
/junit-4.12-sources.jar-extract/org/junit/runners/model/TestTimedOutException.java,file,TestTimedOutException.java,TestTimedOutException,.java,1135,2014-12-04,c132133463331fa9e29eae7e0072c57ea41fbc3f,40e13f3b1b4717c0211f059e8ae2d6a4,text/plain,ASCII text,Java,False,True,False,False,True,False,False,False,False,False,0,0,0,,,,,,,,,,,,,,,,,,,,,,,,,,,,
/junit-4.12-sources.jar-extract/org/junit/runners/parameterized/,directory,parameterized,parameterized,,0,,,,,,,False,False,False,False,False,False,False,False,False,False,4,0,8840,,,,,,,,,,,,,,,,,,,,,,,,,,,,
/junit-4.12-sources.jar-extract/org/junit/runners/parameterized/BlockJUnit4ClassRunnerWithParameters.java,file,BlockJUnit4ClassRunnerWithParameters.java,BlockJUnit4ClassRunnerWithParameters,.java,5483,2014-12-04,0a5e3400e2eafe17e3b438b3809206f8e29a9e2e,724f7e28df90f2829fe1fb354903086b,text/plain,ASCII text,Java,False,True,False,False,True,False,False,False,False,False,0,0,0,,,,,,,,,,,,,,,,,,,,,,,,,,,,
/junit-4.12-sources.jar-extract/org/junit/runners/parameterized/BlockJUnit4ClassRunnerWithParametersFactory.java,file,BlockJUnit4ClassRunnerWithParametersFactory.java,BlockJUnit4ClassRunnerWithParametersFactory,.java,544,2014-12-04,dfe04e1b70ede3c819d0e955aeba1f5d2ab87aa3,81bc052cac5145e7f56ff38704f2f842,text/plain,ASCII text,Java,False,True,False,False,True,False,False,False,False,False,0,0,0,,,,,,,,,,,,,,,,,,,,,,,,,,,,
/junit-4.12-sources.jar-extract/org/junit/runners/parameterized/ParametersRunnerFactory.java,file,ParametersRunnerFactory.java,ParametersRunnerFactory,.java,594,2014-12-04,33051be82e27ff37f773bcfd926ebbd66113b3a6,af672d83a4c18768b4fbf6ef8c072c35,text/plain,ASCII text,Java,False,True,False,False,True,False,False,False,False,False,0,0,0,,,,,,,,,,,,,,,,,,,,,,,,,,,,
/junit-4.12-sources.jar-extract/org/junit/runners/parameterized/TestWithParameters.java,file,TestWithParameters.java,TestWithParameters,.java,2219,2014-12-04,3ace7c1af7274f4589594442944ac1d837a56cf2,d036461c5e3bf1f66eddd0f6868c8bf7,text/plain,ASCII text,Java,False,True,False,False,True,False,False,False,False,False,0,0,0,,,,,,,,,,,,,,,,,,,,,,,,,,,,
/junit-4.12-sources.jar-extract/org/junit/validator/,directory,validator,validator,,0,,,,,,,False,False,False,False,False,False,False,False,False,False,6,0,9944,,,,,,,,,,,,,,,,,,,,,,,,,,,,
/junit-4.12-sources.jar-extract/org/junit/validator/AnnotationsValidator.java,file,AnnotationsValidator.java,AnnotationsValidator,.java,4652,2014-12-04,c240c10005db0661540ad4715996606f47bb00cb,b5d317bf542a0cec319b98c41e20188c,text/plain,ASCII text,Java,False,True,False,False,True,False,False,False,False,False,0,0,0,,,,,,,,,,,,,,,,,,,,,,,,,,,,
/junit-4.12-sources.jar-extract/org/junit/validator/AnnotationValidator.java,file,AnnotationValidator.java,AnnotationValidator,.java,1666,2014-12-04,01a93cfa4b151f1731c6058c71397f1e0176e471,cf319a7b225eec5f744a63b2a8338f93,text/plain,ASCII text,Java,False,True,False,False,True,False,False,False,False,False,0,0,0,,,,,,,,,,,,,,,,,,,,,,,,,,,,
/junit-4.12-sources.jar-extract/org/junit/validator/AnnotationValidatorFactory.java,file,AnnotationValidatorFactory.java,AnnotationValidatorFactory,.java,1616,2014-12-04,132624ac046191d9494054f64288937a9949817d,4d05b012ebbf6aa61b59f3d2269da91f,text/plain,ASCII text,Java,False,True,False,False,True,False,False,False,False,False,0,0,0,,,,,,,,,,,,,,,,,,,,,,,,,,,,
/junit-4.12-sources.jar-extract/org/junit/validator/PublicClassValidator.java,file,PublicClassValidator.java,PublicClassValidator,.java,986,2014-12-04,15c3f42f2dfc578ff2e8fbe54f44a14fde4a041d,0bb32394e1965c915804bfe20db5fc74,text/plain,ASCII text,Java,False,True,False,False,True,False,False,False,False,False,0,0,0,,,,,,,,,,,,,,,,,,,,,,,,,,,,
/junit-4.12-sources.jar-extract/org/junit/validator/TestClassValidator.java,file,TestClassValidator.java,TestClassValidator,.java,492,2014-12-04,cbc76ad1844a96f75c8f452cde353fcff1c9eb1f,223c77716c4295f593eaa20c4f736f3c,text/plain,ASCII text,Java,False,True,False,False,True,False,False,False,False,False,0,0,0,,,,,,,,,,,,,,,,,,,,,,,,,,,,
/junit-4.12-sources.jar-extract/org/junit/validator/ValidateWith.java,file,ValidateWith.java,ValidateWith,.java,532,2014-12-04,8d852a18e8151a2bb6770113ba9e83c1d449bc51,d1774ccc740be73e6f70be7bfcf680a0,text/plain,ASCII text,Java,False,True,False,False,True,False,False,False,False,False,0,0,0,,,,,,,,,,,,,,,,,,,,,,,,,,,,
